code,name,type,manager,company
000001,华夏成长,混合型,董阳阳,华夏基金
000011,华夏大盘精选,混合型,陈伟彦,华夏基金
000017,财通可持续混合,混合型,金梓才,财通基金
000020,景顺长城品质投资混合,混合型,詹成,景顺长城基金
000021,华夏优势增长混合,混合型,郑晓辉,华夏基金
000029,富国宏观策略,混合型,袁宜,富国基金
000031,华夏复兴混合,混合型,赵航,华夏基金
000039,农银高增长混合,混合型,张燕,农银汇理基金
000056,建信消费升级混合,混合型,邱宇航,建信基金
000057,中银消费主题混合,混合型,钱亚风云,中银基金
000061,华夏盛世混合,混合型,代瑞亮,华夏基金
000062,银华量化智慧动力混合,混合型,张凯,银华基金
000063,长盛电子信息主题灵活配置混合,混合型,赵宏宇,长盛基金
000065,国富焦点驱动混合,混合型,赵晓东,国海富兰克林基金
000073,上投成长动力,混合型,刘辉,上投摩根基金
000083,汇添富消费行业混合,混合型,胡昕炜,汇添富基金
000110,金鹰元安混合A,混合型,刘丽娟,金鹰基金
000117,广发轮动配置混合,混合型,吴兴武,广发基金
000120,中银美丽中国混合,混合型,王伟,中银基金
000121,华夏永福养老理财混合A,混合型,何家琪,华夏基金
000124,华宝服务优选混合,混合型,楼鸿强,华宝基金
000125,上投摩根天颐年丰混合A,混合型,聂曙光,上投摩根基金
000127,农银行业领先混合,混合型,张峰,农银汇理基金
000136,民生加银策略精选混合,混合型,孙伟,民生加银基金
000165,国投瑞银策略精选混合,混合型,陈小玲,国投瑞银基金
000166,中海策略精选灵活配置混合,混合型,刘俊,中海基金
000167,广发聚优灵活配置混合A,混合型,唐晓斌,广发基金
000172,华泰柏瑞量化增强混合A,混合型,田汉卿,华泰柏瑞基金
000173,汇添富美丽30混合,混合型,王栩,汇添富基金
000178,博时灵活配置混合A,混合型,蒋娜,博时基金
000190,中银新回报灵活配置混合,混合型,李建,中银基金
000199,国泰策略收益灵活配置混合,混合型,艾小军,国泰基金
000209,信诚新兴产业混合,混合型,郑伟,信诚基金
000214,广发成长优选混合,混合型,王小松,广发基金
000215,广发趋势优选灵活配置,混合型,谭昌杰,广发基金
000219,博时裕益灵活配置,混合型,周心鹏,博时基金
000220,富国医疗保健行业混合,混合型,戴益强,富国基金
000241,宝盈核心优势混合C,混合型,李健伟,宝盈基金
000242,景顺长城策略精选,混合型,张靖,景顺长城基金
000251,工银金融地产混合,混合型,鄢耀,工银瑞信基金
000256,上投摩根红利回报混合A,混合型,征茂平,上投摩根基金
000259,农银区间收益混合,混合型,陈富权,农银汇理基金
000263,工银信息产业混合,混合型,单文,工银瑞信基金
000264,博时内需增长混合,混合型,刘阳,博时基金
000273,华润元大安鑫灵活配置混合,混合型,袁华涛,华润元大基金
000278,融通通泽灵活配置混合,混合型,余志勇,融通基金
000279,华商红利优选灵活配置,混合型,马国江,华商基金
000294,华安生态优先混合,混合型,刘伟亭,华安基金
000308,建信创新中国混合,混合型,邵卓,建信基金
000314,招商瑞丰灵活配置混合发起式,混合型,王刚,招商基金
000328,上投摩根转型动力,混合型,孟亮,上投摩根基金
000336,农银研究精选,混合型,赵诣,农银汇理基金
000339,长城医疗保健混合,混合型,谭小兵,长城基金
000354,长盛城镇化主题混合,混合型,乔培涛,长盛基金
000362,国泰聚信价值优势灵活配置A,混合型,程洲,国泰基金
000363,国泰聚信价值优势灵活配置C,混合型,程洲,国泰基金
000367,国泰安康养老定期支付混合A,混合型,王琳,国泰基金
000390,华商优势行业,混合型,周海栋,华商基金
000398,华富灵活配置混合,混合型,王翔,华富基金
000404,易方达新兴成长灵活配置,混合型,宋昆,易方达基金
000408,民生加银城镇化混合,混合型,柳世庆,民生加银基金
000410,益民服务领先混合,混合型,赵若琼,益民基金
000414,嘉实绝对收益策略定期混合,混合型,刘斌,嘉实基金
000417,国联安新精选灵活配置,混合型,魏东,国联安基金
000423,前海开源事件驱动混合A,混合型,王霞,前海开源基金
000431,鹏华品牌传承混合,混合型,王宗合,鹏华基金
000432,中银优秀企业混合,混合型,赵志华,中银基金
000433,安信鑫发优选混合,混合型,蓝雁书,安信基金
000436,易方达裕惠定开混合发起式,混合型,胡剑,易方达基金
000452,南方医保,混合型,刘霄汉,南方基金
000458,英大领先回报发起式,混合型,袁忠伟,英大基金
000462,农银主题轮动混合,混合型,颜伟鹏,农银汇理基金
000477,广发主题领先混合,混合型,李巍,广发基金
000480,东方红新动力混合,混合型,周云,上海东方证券资产管理
000496,长安产业精选混合A,混合型,栾绍菲,长安基金
000507,泰达宏利养老混合A,混合型,丁宇佳,泰达宏利基金
000508,泰达宏利养老混合B,混合型,丁宇佳,泰达宏利基金
000511,国泰国策驱动灵活配置混合A,混合型,樊利安,国泰基金
000512,国泰结构转型灵活配置混合A,混合型,樊利安,国泰基金
000520,上银新兴价值成长混合,混合型,赵治烨,上银基金
000522,华润元大信息传媒科技混合,混合型,袁华涛,华润元大基金
000523,国投瑞银医疗保健混合,混合型,张佳荣,国投瑞银基金
000526,国泰浓益灵活配置混合A,混合型,樊利安,国泰基金
000527,南方新优享,混合型,史博,南方基金
000529,广发竞争优势混合,混合型,苗宇,广发基金
000530,招商丰盛稳定增长混合A,混合型,何文韬,招商基金
000531,东吴阿尔法灵活配置混合,混合型,王立立,东吴基金
000532,景顺长城优势企业混合,混合型,江科宏,景顺长城基金
000534,长盛高端装备制造灵活配置,混合型,乔培涛,长盛基金
000535,长盛航天海工装备灵活配置,混合型,乔培涛,长盛基金
000538,诺安优势行业混合A,混合型,吴博俊,诺安基金
000541,华商创新成长灵活配置,混合型,高兵,华商基金
000545,中邮核心竞争力混合,混合型,任泽松,中邮基金
000547,建信健康民生混合,混合型,姜锋,建信基金
000550,广发新动力混合,混合型,马文文,广发基金
000551,信诚幸福消费混合,混合型,张光成,信诚基金
000554,中国梦基金,混合型,蔡望鹏,南方基金
000556,国投新机遇混合A,混合型,桑俊,国投瑞银基金
000557,国投新机遇混合C,混合型,桑俊,国投瑞银基金
000566,华泰柏瑞创新升级混合,混合型,张慧,华泰柏瑞基金
000567,广发聚祥灵活混合,混合型,易阳方,广发基金
000571,中邮双动力混合,混合型,张萌,中邮基金
000572,中银多策略混合,混合型,李建,中银基金
000573,天弘通利混合,混合型,姜晓丽,天弘基金
000574,宝盈新价值混合,混合型,段鹏程,宝盈基金
000584,新华鑫益灵活配置混合,混合型,崔建波,新华基金
000585,嘉实对冲套利定期混合,混合型,刘斌,嘉实基金
000587,大成灵活配置混合,混合型,王磊,大成基金
000589,光大保德信银发商机混合,混合型,陈栋,光大保德信基金
000590,华安新活力混合,混合型,贺涛,华安基金
000591,中银健康生活混合,混合型,辜岚,中银基金
000595,嘉实泰和混合,混合型,归凯,嘉实基金
000597,中海积极收益混合,混合型,刘俊,中海基金
000598,长盛生态环境主题混合,混合型,刘旭明,长盛基金
000601,华宝创新优选混合,混合型,代云锋,华宝基金
000603,易方达创新驱动灵活配置混合,混合型,樊正伟,易方达基金
000609,华商新量化灵活配置混合,混合型,邓默,华商基金
000612,华宝生态中国混合,混合型,夏林锋,华宝基金
000619,东方红产业升级混合,混合型,王延飞,上海东方证券资产管理
000634,富国天盛灵活配置混合,混合型,袁宜,富国基金
000639,宝盈祥瑞养老混合,混合型,陈若劲,宝盈基金
000646,华润元大医疗保健量化混合,混合型,袁华涛,华润元大基金
000652,博时裕隆混合,混合型,陈鹏扬,博时基金
000654,华商新锐产业混合,混合型,梁永强,华商基金
000663,国投瑞银美丽中国混合,混合型,董晗,国投瑞银基金
000664,国联安通盈混合A,混合型,薛琳,国联安基金
000667,工银绝对收益混合发起A,混合型,游凛峰,工银瑞信基金
000672,工银绝对收益混合发起B,混合型,游凛峰,工银瑞信基金
000679,招商丰利灵活配置混合A,混合型,何文韬,招商基金
000684,长盛养老健康产业灵活配置,混合型,刘旭明,长盛基金
000689,前海开源新经济混合,混合型,丁骏,前海开源基金
000690,前海开源大海洋混合,混合型,吴国清,前海开源基金
000695,大成景益平稳收益混合,混合型,赵世宏,大成基金
000698,宝盈科技30混合,混合型,张仲维,宝盈基金
000706,中邮多策略混合,混合型,陈梁,中邮基金
000708,华安安享混合,混合型,郑可成,华安基金
000714,诺安稳健回报灵活配置混合,混合型,吴博俊,诺安基金
000717,融通转型三动力灵活配置混合,混合型,张延闽,融通基金
000727,融通健康产业灵活配置混合,混合型,万民远,融通基金
000739,平安大华新鑫先锋A,混合型,邓翔,平安大华基金
000742,国泰新经济灵活配置混合,混合型,彭凌志,国泰基金
000743,红塔红土盛世普益混合发起式,混合型,赵耀,红塔红土
000747,广发逆向策略混合,混合型,程琨,广发基金
000753,华宝兴业量化对冲混合A,混合型,徐林明,华宝基金
000754,华宝兴业量化对冲混合C,混合型,徐林明,华宝基金
000755,富安达新兴成长混合,混合型,孙绍冰,富安达基金
000757,华富智慧城市灵活配置混合,混合型,龚炜,华富基金
000762,汇添富绝对收益定开混合,混合型,顾耀强,汇添富基金
000763,工银新财富灵活配置混合,混合型,欧阳凯,工银瑞信基金
000767,华富国泰民安灵活配置混合,混合型,龚炜,华富基金
000772,景顺长城中国回报灵活配置,混合型,杨锐文,景顺长城基金
000788,前海开源中国成长混合,混合型,徐立平,前海开源基金
000794,宝盈睿丰创新混合A,混合型,朱建明,宝盈基金
000796,宝盈睿丰创新混合C,混合型,朱建明,宝盈基金
000800,华商未来主题混合,混合型,梁永强,华商基金
000805,中银新经济灵活配置混合,混合型,史彬,中银基金
000822,东海美丽中国灵活配置,混合型,胡德军,东海基金
000823,银华高端制造业,混合型,薄官辉,银华基金
000824,圆信永丰双红利A,混合型,洪流,圆信永丰基金
000825,圆信永丰双红利C,混合型,洪流,圆信永丰基金
000841,富国新回报灵活配置A,混合型,钟智伦,富国基金
000843,富国新回报灵活配置C,混合型,钟智伦,富国基金
000844,南方绝对收益,混合型,李佳亮,南方基金
000845,国投瑞银信息消费混合,混合型,陈小玲,国投瑞银基金
000849,汇丰晋信双核策略A,混合型,丘栋荣,汇丰晋信基金
000850,汇丰晋信双核策略C,混合型,丘栋荣,汇丰晋信基金
000865,大成景利混合,混合型,赵世宏,大成基金
000870,嘉实新收益混合,混合型,陈少平,嘉实基金
000877,华泰柏瑞量化优选混合,混合型,田汉卿,华泰柏瑞基金
000878,中海医药健康产业混合A,混合型,郑磊,中海基金
000879,中海医药健康产业混合C,混合型,郑磊,中海基金
000880,富国研究精选灵活配置,混合型,李晓铭,富国基金
000886,北信瑞丰无限互联主题灵活配,混合型,高峰,北信瑞丰
000887,上投摩根稳进回报混合,混合型,聂曙光,上投摩根基金
000892,九泰天宝灵活配置混合A,混合型,王玥晰,九泰基金
000894,中欧睿达定期开放,混合型,孙甜,中欧基金
000904,银华回报灵活配置定期开放混,混合型,王斌,银华基金
000924,宝盈先进制造混合,混合型,李健伟,宝盈基金
000926,中信建投睿信灵活配置混合A,混合型,王晓贞,中信建投基金
000928,中融国企改革混合,混合型,解静,中融基金
000929,博时黄金ETFD,混合型,赵云阳,博时基金
000930,博时黄金ETFI,混合型,赵云阳,博时基金
000932,前海开源睿远稳健增利混合A,混合型,刘静,前海开源基金
000933,前海开源睿远稳健增利混合C,混合型,刘静,前海开源基金
000935,汇金转型成长,混合型,赵语涛,浙商证券资管
000936,博时产业新动力混合,混合型,蔡滨,博时基金
000939,中银研究精选灵活配置混合,混合型,赵志华,中银基金
000940,富国中小盘精选混合,混合型,曹晋,富国基金
000945,华夏医疗健康混合A,混合型,陈斌,华夏基金
000946,华夏医疗健康混合C,混合型,陈斌,华夏基金
000953,国泰睿吉灵活配置混合A,混合型,樊利安,国泰基金
000954,国泰睿吉灵活配置混合C,混合型,樊利安,国泰基金
000963,兴业多策略混合,混合型,吴卫东,兴业基金
000965,汇丰晋信新动力混合,混合型,陈平,汇丰晋信基金
000966,中邮核心科技创新灵活配置混合,混合型,曹思,中邮基金
000967,华泰柏瑞创新动力混合,混合型,张慧,华泰柏瑞基金
000969,前海开源大安全混合,混合型,薛小波,前海开源基金
000970,东方红睿元混合,混合型,林鹏,上海东方证券资产管理
000972,新华万银策略灵活配置混合,混合型,崔建波,新华基金
000976,长城新兴产业混合,混合型,陈良栋,长城基金
000977,长城环保主题混合,混合型,何以广,长城基金
000986,太平灵活配置,混合型,独孤南薰,太平基金
000992,广发对冲套利定期开放混合,混合型,魏军,广发基金
000993,华宝稳健回报混合,混合型,闫旭,华宝基金
000994,建信睿盈灵活配置混合A,混合型,许杰,建信基金
000995,建信睿盈灵活配置混合C,混合型,许杰,建信基金
001000,中欧明睿新起点混合,混合型,周晶,中欧基金
001004,新华稳健回报混合发起式,混合型,崔建波,新华基金
001005,中海合鑫混合,混合型,夏春晖,中海基金
001007,国联安鑫安灵活配置混合,混合型,王超伟,国联安基金
001014,中融融安混合,混合型,沈潼,中融基金
001017,泰达改革动力混合A,混合型,刘欣,泰达宏利基金
001018,易方达新经济混合,混合型,陈皓,易方达基金
001029,国投瑞银新动力混合,混合型,桑俊,国投瑞银基金
001030,天弘云端生活优选,混合型,肖志刚,天弘基金
001037,国投瑞银锐意改革混合,混合型,杨冬冬,国投瑞银基金
001053,南方创新经济,混合型,章晖,南方基金
001056,北信瑞丰健康生活主题灵活配,混合型,高峰,北信瑞丰
001059,中金绝对收益,混合型,魏孛,中金基金
001060,前海开源高端装备制造混合,混合型,薛小波,前海开源基金
001067,鹏华弘盛混合A,混合型,刘太阳,鹏华基金
001068,华融新锐灵活配置混合,混合型,范贵龙,华融证券
001069,华泰柏瑞消费成长混合,混合型,方纬,华泰柏瑞基金
001071,华安媒体互联网混合,混合型,胡宜斌,华安基金
001073,华泰柏瑞量化绝对收益混合,混合型,田汉卿,华泰柏瑞基金
001074,华泰柏瑞量化驱动混合,混合型,田汉卿,华泰柏瑞基金
001075,宝盈转型动力混合,混合型,盖俊龙,宝盈基金
001076,易方达改革红利混合,混合型,郭杰,易方达基金
001088,华宝国策导向混合,混合型,刘自强,华宝基金
001102,前海开源国家比较优势混合,混合型,曲扬,前海开源基金
001103,前海开源工业革命4.0混合,混合型,薛小波,前海开源基金
001106,华商健康生活混合,混合型,蔡建军,华商基金
001110,中欧瑾泉灵活配置混合A,混合型,孙甜,中欧基金
001111,中欧瑾泉灵活配置混合C,混合型,孙甜,中欧基金
001112,东方红中国优势混合,混合型,王延飞,上海东方证券资产管理
001115,广发聚安混合A,混合型,谭昌杰,广发基金
001116,广发聚安混合C,混合型,谭昌杰,广发基金
001117,中欧精选定期开放混合A,混合型,周蔚文,中欧基金
001118,华宝事件驱动混合,混合型,徐林明,华宝基金
001119,国投瑞银新回报混合,混合型,桑俊,国投瑞银基金
001120,东方睿鑫热点挖掘混合A,混合型,薛子徵,东方基金
001121,东方睿鑫热点挖掘混合C,混合型,薛子徵,东方基金
001122,鹏华弘利混合A,混合型,李君,鹏华基金
001123,鹏华弘利混合C,混合型,李君,鹏华基金
001125,博时互联网主题灵活配置混合,混合型,招扬,博时基金
001127,中银宏观策略混合,混合型,辜岚,中银基金
001128,宝盈新兴产业混合,混合型,盖俊龙,宝盈基金
001135,益民品质升级混合,混合型,吕伟,益民基金
001136,易方达裕如混合,混合型,张清华,易方达基金
001139,华安新动力灵活配置混合,混合型,郑可成,华安基金
001140,工银总回报灵活配置混合,混合型,鄢耀,工银瑞信基金
001141,泰达宏利创盈混合A,混合型,傅浩,泰达宏利基金
001142,泰达宏利创盈混合B,混合型,傅浩,泰达宏利基金
001143,华商量化进取混合,混合型,邓默,华商基金
001144,大成互联网思维混合,混合型,李博,大成基金
001146,中欧瑾源灵活配置混合A,混合型,张跃鹏,中欧基金
001147,中欧瑾源灵活配置混合C,混合型,张跃鹏,中欧基金
001148,申万菱信多策略灵活配置混合A,混合型,丁杰科,申万菱信基金
001150,融通互联网传媒灵活配置混合,混合型,张鹏,融通基金
001152,融通新区域新经济灵活配置混,混合型,杨博琳,融通基金
001154,北信瑞丰平安中国主题灵活配,混合型,于军华,北信瑞丰
001156,申万菱信新能源汽车混合,混合型,孙琳,申万菱信基金
001157,国联安睿祺灵活配置混合,混合型,侯慧娣,国联安基金
001159,大成景秀灵活配置混合A,混合型,黄万青,大成基金
001164,中欧琪和灵活配置混合A,混合型,孙甜,中欧基金
001165,中欧琪和灵活配置混合C,混合型,孙甜,中欧基金
001168,国投瑞银优选收益混合,混合型,桑俊,国投瑞银基金
001169,国投瑞银新价值混合,混合型,殷瑞飞,国投瑞银基金
001170,泰达宏利复兴混合,混合型,吴华,泰达宏利基金
001172,鹏华弘泽混合A,混合型,周恩源,鹏华基金
001173,中欧瑾和灵活配置混合A,混合型,王健,中欧基金
001174,中欧瑾和灵活配置混合C,混合型,王健,中欧基金
001179,德邦大健康灵活配置混合,混合型,黎莹,德邦基金
001181,南方改革机遇,混合型,刘霄汉,南方基金
001182,易方达安心回馈混合,混合型,张清华,易方达基金
001183,南方利淘A,混合型,孙鲁闽,南方基金
001184,易方达新常态灵活配置混合,混合型,宋昆,易方达基金
001185,安信动态策略混合A,混合型,蓝雁书,安信基金
001189,广发聚宝混合,混合型,谭昌杰,广发基金
001190,鹏华弘润混合A,混合型,李君,鹏华基金
001191,鹏华弘润混合C,混合型,李君,鹏华基金
001192,上投摩根整合驱动混合,混合型,征茂平,上投摩根基金
001194,景顺长城稳健回报混合A,混合型,万梦,景顺长城基金
001196,东方鼎新灵活配置混合A,混合型,周薇,东方基金
001197,长盛转型升级主题灵活配置混,混合型,刘旭明,长盛基金
001198,东方惠新灵活配置混合A,混合型,周薇,东方基金
001201,申万菱信安鑫回报混合A,混合型,丁杰科,申万菱信基金
001202,东方红领先精选混合,混合型,纪文静,上海东方证券资产管理
001203,东方红稳健精选混合A,混合型,纪文静,上海东方证券资产管理
001204,东方红稳健精选混合C,混合型,纪文静,上海东方证券资产管理
001205,建信稳健回报灵活配置混合,混合型,牛兴华,建信基金
001206,广发聚惠混合A,混合型,代宇,广发基金
001207,广发聚惠混合C,混合型,代宇,广发基金
001209,前海开源一带一路混合A,混合型,薛小波,前海开源基金
001210,天弘互联网混合,混合型,肖志刚,天弘基金
001215,博时沪港深优质企业基金A,混合型,张溪冈,博时基金
001216,易方达新收益混合A,混合型,张清华,易方达基金
001217,易方达新收益混合C,混合型,张清华,易方达基金
001218,国投瑞银精选收益混合,混合型,桑俊,国投瑞银基金
001219,上投摩根动态多因子混合,混合型,黄栋,上投摩根基金
001220,民生加银研究精选混合,混合型,宋磊,民生加银基金
001221,国联安鑫富混合A,混合型,吕中凡,国联安基金
001222,鹏华外延成长混合,混合型,陈璇淼,鹏华基金
001224,中邮新思路灵活配置混合,混合型,国晓雯,中邮基金
001225,中邮趋势精选灵活配置混合,混合型,许进财,中邮基金
001226,中邮稳健添利灵活配置混合,混合型,张萌,中邮基金
001227,中邮信息产业灵活配置混合,混合型,任泽松,中邮基金
001228,国联安鑫享灵活配置混合A,混合型,薛琳,国联安基金
001229,德邦福鑫灵活配置混合A,混合型,许文波,德邦基金
001231,银华泰利灵活配置混合A,混合型,葛鹤军,银华基金
001239,长盛国企改革混合,混合型,田间,长盛基金
001244,华泰柏瑞量化智慧混合,混合型,田汉卿,华泰柏瑞基金
001247,华泰柏瑞新利混合A,混合型,杨景涵,华泰柏瑞基金
001249,易方达新利灵活配置混合,混合型,张清华,易方达基金
001250,天弘新活力混合,混合型,钱文成,天弘基金
001252,中海进取收益混合,混合型,许定晴,中海基金
001253,建信回报灵活配置混合,混合型,牛兴华,建信基金
001254,泰达宏利新起点混合A,混合型,庞宝臣,泰达宏利基金
001255,长城改革红利混合,混合型,赵波,长城基金
001256,泓德优选成长混合,混合型,王克玉,泓德基金
001259,德邦鑫星稳健灵活配置混合,混合型,戴鹤忠,德邦基金
001260,广发安心混合,混合型,代宇,广发基金
001261,中融新机遇混合,混合型,姜涛,中融基金
001262,大成景明灵活配置混合A,混合型,朱哲,大成基金
001263,大成景穗灵活配置混合A,混合型,陈会荣,大成基金
001264,银华恒利灵活配置混合A,混合型,葛鹤军,银华基金
001265,国泰兴益灵活配置混合A,混合型,樊利安,国泰基金
001266,国投瑞银招财混合,混合型,綦缚鹏,国投瑞银基金
001267,泰达宏利蓝筹混合,混合型,陈丹琳,泰达宏利基金
001268,富国国家安全主题混合,混合型,王海军,富国基金
001270,英大灵活配置混合型发起式A,混合型,袁忠伟,英大基金
001271,英大灵活配置混合型发起式B,混合型,袁忠伟,英大基金
001272,兴业聚利灵活配置混合,混合型,腊博,兴业基金
001273,民生加银新动力混合A,混合型,杨林耘,民生加银基金
001274,民生加银新动力混合D,混合型,杨林耘,民生加银基金
001275,中邮创新优势灵活配置混合,混合型,刘田,中邮基金
001276,建信新经济灵活配置混合,混合型,许杰,建信基金
001278,前海开源清洁能源混合A,混合型,邱杰,前海开源基金
001279,中海积极增利混合,混合型,左剑,中海基金
001280,银华聚利灵活配置混合A,混合型,哈默,银华基金
001281,长安鑫利优选混合A,混合型,林忠晶,长安基金
001283,红塔红土盛金新动力混合A,混合型,罗薇,红塔红土
001284,红塔红土盛金新动力混合C,混合型,罗薇,红塔红土
001285,易方达新鑫混合I,混合型,张清华,易方达基金
001286,易方达新鑫混合E,混合型,张清华,易方达基金
001287,安信优势增长混合A,混合型,聂世林,安信基金
001289,银华汇利灵活配置混合A,混合型,哈默,银华基金
001290,广发安泰混合,混合型,代宇,广发基金
001294,新华战略新兴产业灵活配置混,混合型,崔建波,新华基金
001295,大成景源灵活配置混合A,混合型,黄万青,大成基金
001296,长城转型成长灵活配置混合,混合型,赵波,长城基金
001297,平安大华智慧中国混合,混合型,神爱前,平安大华基金
001298,金鹰民族新兴混合,混合型,王喆,金鹰基金
001300,大成睿景灵活配置混合A,混合型,李本刚,大成基金
001301,大成睿景灵活配置混合C,混合型,李本刚,大成基金
001302,前海开源金银珠宝混合A,混合型,谢屹,前海开源基金
001303,银华稳利灵活配置混合A,混合型,孙慧,银华基金
001304,建信鑫安回报灵活配置混合,混合型,牛兴华,建信基金
001305,九泰天富改革混合,混合型,吴祖尧,九泰基金
001306,中欧永裕混合A,混合型,魏博,中欧基金
001307,中欧永裕混合C,混合型,魏博,中欧基金
001309,东方红睿逸定期开放混合,混合型,林鹏,上海东方证券资产管理
001310,华泰柏瑞行业竞争优势混合,混合型,吕慧建,华泰柏瑞基金
001311,华安新回报灵活配置混合,混合型,朱才敏,华安基金
001312,华安新优选灵活配置混合A,混合型,郑可成,华安基金
001314,易方达新益混合I,混合型,林森,易方达基金
001315,易方达新益混合E,混合型,林森,易方达基金
001316,安信稳健增值混合A,混合型,张翼飞,安信基金
001318,东方新策略灵活配置混合A,混合型,朱晓栋,东方基金
001320,工银丰盈回报灵活配置混合,混合型,王君正,工银瑞信基金
001321,兴业聚优灵活配置混合,混合型,腊博,兴业基金
001322,东吴新趋势,混合型,戴斌,东吴基金
001323,东吴移动互联A,混合型,刘元海,东吴基金
001324,华宝新价值混合,混合型,李栋梁,华宝基金
001325,鹏华弘和混合A,混合型,刘方正,鹏华基金
001326,鹏华弘和混合C,混合型,刘方正,鹏华基金
001327,鹏华弘华混合A,混合型,刘方正,鹏华基金
001328,鹏华弘华混合C,混合型,刘方正,鹏华基金
001329,鹏华弘实混合A,混合型,李韵怡,鹏华基金
001330,鹏华弘实混合C,混合型,李韵怡,鹏华基金
001331,鹏华弘信混合A,混合型,刘方正,鹏华基金
001332,鹏华弘信混合C,混合型,刘方正,鹏华基金
001333,大成景鹏灵活配置混合A,混合型,黄万青,大成基金
001334,南方利鑫A,混合型,孙鲁闽,南方基金
001335,南方利众A,混合型,吴剑毅,南方基金
001336,鹏华弘益混合A,混合型,李韵怡,鹏华基金
001337,鹏华弘益混合C,混合型,李韵怡,鹏华基金
001338,安信稳健增值混合C,混合型,张翼飞,安信基金
001339,兴银鼎新灵活配置混合,混合型,方军平,兴银基金
001340,华泰柏瑞惠利灵活混合A,混合型,杨景涵,华泰柏瑞基金
001341,华泰柏瑞惠利灵活混合C,混合型,杨景涵,华泰柏瑞基金
001342,易方达新享混合A,混合型,张清华,易方达基金
001343,易方达新享混合C,混合型,张清华,易方达基金
001345,富国新收益灵活配置混合A,混合型,钟智伦,富国基金
001347,富国新收益灵活配置混合C,混合型,钟智伦,富国基金
001348,大摩新机遇混合,混合型,缪东航,摩根士丹利华鑫基金
001349,富国改革动力混合,混合型,汪鸣,富国基金
001352,民生加银新战略混合,混合型,杨林耘,民生加银基金
001355,广发聚泰混合A,混合型,任爽,广发基金
001356,广发聚泰混合C,混合型,任爽,广发基金
001357,泓德泓富混合A,混合型,邬传雁,泓德基金
001358,宝盈祥泰养老混合,混合型,陈若劲,宝盈基金
001359,国联安添鑫灵活配置混合A,混合型,薛琳,国联安基金
001362,景顺长城领先回报混合A,混合型,万梦,景顺长城基金
001364,大成景润灵活配置混合,混合型,黄万青,大成基金
001365,大成正向回报灵活配置混合,混合型,杨挺,大成基金
001366,金鹰产业整合混合,混合型,于利强,金鹰基金
001370,中银新趋势混合,混合型,陈玮,中银基金
001371,富国沪港深价值混合,混合型,张峰,富国基金
001373,易方达新丝路灵活配置混合,混合型,樊正伟,易方达基金
001375,金元顺安优质精选混合C,混合型,李杰,金元顺安基金
001376,泓德泓富混合C,混合型,邬传雁,泓德基金
001377,中融新产业灵活配置混合A,混合型,姜涛,中融基金
001378,中融新产业灵活配置混合C,混合型,姜涛,中融基金
001379,景顺长城领先回报混合C,混合型,万梦,景顺长城基金
001380,鹏华弘盛混合C,混合型,刘太阳,鹏华基金
001381,鹏华弘泽混合C,混合型,周恩源,鹏华基金
001382,易方达国企改革混合,混合型,郭杰,易方达基金
001384,东方新思路混合A,混合型,王然,东方基金
001385,东方新思路混合C,混合型,王然,东方基金
001387,中融新经济混合A,混合型,姜涛,中融基金
001388,中融新经济混合C,混合型,姜涛,中融基金
001389,中融新优势混合A,混合型,姜涛,中融基金
001390,中融新优势混合C,混合型,姜涛,中融基金
001392,国富金融地产混合A,混合型,吴西燕,国海富兰克林基金
001393,国富金融地产混合C,混合型,吴西燕,国海富兰克林基金
001394,博时新趋势混合A,混合型,李权胜,博时基金
001395,博时新趋势混合C,混合型,李权胜,博时基金
001398,华泰柏瑞健康生活混合,混合型,吕慧建,华泰柏瑞基金
001399,安信鑫安得利混合A,混合型,庄园,安信基金
001400,安信鑫安得利混合C,混合型,庄园,安信基金
001402,信诚新选混合A,混合型,提云涛,信诚基金
001403,招商国企改革主题混合基金,混合型,李亚,招商基金
001405,东方红策略精选混合A,混合型,饶刚,上海东方证券资产管理
001406,东方红策略精选混合C,混合型,饶刚,上海东方证券资产管理
001407,景顺长城稳健回报混合C,混合型,万梦,景顺长城基金
001408,建信鑫丰回报灵活配置混合A,混合型,牛兴华,建信基金
001411,诺安创新驱动混合A,混合型,吴博俊,诺安基金
001412,德邦鑫星价值灵活配置混合A,混合型,许文波,德邦基金
001413,中融新动力混合A,混合型,姜涛,中融基金
001414,中融新动力混合C,混合型,姜涛,中融基金
001415,信诚新锐混合A,混合型,杨立春,信诚基金
001417,汇添富医疗服务混合,混合型,刘江,汇添富基金
001418,泰达宏利创益混合A,混合型,傅浩,泰达宏利基金
001419,泰达宏利新思路混合A,混合型,傅浩,泰达宏利基金
001422,景顺长城安享回报混合A,混合型,万梦,景顺长城基金
001423,景顺长城安享回报混合C,混合型,万梦,景顺长城基金
001424,博时新起点混合A,混合型,过钧,博时基金
001425,博时新起点混合C,混合型,过钧,博时基金
001427,招商丰泽混合A,混合型,王刚,招商基金
001429,博时新财富混合A,混合型,王申,博时基金
001430,中邮乐享收益灵活配置混合,混合型,吴昊,中邮基金
001431,方正富邦优选灵活配置混合A,混合型,王健,方正富邦基金
001433,易方达瑞景混合,混合型,张清华,易方达基金
001437,易方达瑞享混合I,混合型,梁裕宁,易方达基金
001438,易方达瑞享混合E,混合型,梁裕宁,易方达基金
001443,易方达瑞选灵活配置混合I,混合型,张清华,易方达基金
001444,易方达瑞选灵活配置混合E,混合型,张清华,易方达基金
001445,华安国企改革主题灵活配置混合,混合型,王嘉,华安基金
001446,招商丰泽混合C,混合型,王刚,招商基金
001447,天弘惠利混合,混合型,钱文成,天弘基金
001448,华商双翼平衡混合,混合型,梁伟泓,华商基金
001449,华商双驱优选混合,混合型,李双全,华商基金
001453,鹏华弘鑫混合A,混合型,李韵怡,鹏华基金
001454,鹏华弘鑫混合C,混合型,李韵怡,鹏华基金
001456,华泰柏瑞制造2025混合A,混合型,李灿,华泰柏瑞基金
001457,华商新常态混合,混合型,高兵,华商基金
001463,光大一带一路混合,混合型,黄兴亮,光大保德信基金
001464,光大鼎鑫混合A,混合型,何奇,光大保德信基金
001466,华富永鑫灵活配置混合A,混合型,张惠,华富基金
001467,华富永鑫灵活配置混合C,混合型,张惠,华富基金
001468,广发改革混合,混合型,王小松,广发基金
001470,融通通鑫灵活配置混合,混合型,余志勇,融通基金
001471,融通新能源灵活配置混合,混合型,付伟琦,融通基金
001474,兴银丰盈灵活配置,混合型,张晓南,兴银基金
001475,易方达国防军工混合,混合型,陈皓,易方达基金
001479,中邮风格轮动灵活配置混合,混合型,国晓雯,中邮基金
001480,财通成长优选混合,混合型,金梓才,财通基金
001483,天弘喜利灵活配置混合,混合型,钱文成,天弘基金
001484,天弘新价值混合,混合型,姜晓丽,天弘基金
001485,华安添颐养老混合,混合型,孙丽娜,华安基金
001487,宝盈优势产业混合,混合型,段鹏程,宝盈基金
001488,万家瑞丰灵活配置混合A,混合型,高翰昆,万家基金
001489,万家瑞丰灵活配置混合C,混合型,高翰昆,万家基金
001491,国泰生益灵活配置混合A,混合型,樊利安,国泰基金
001492,鹏华弘锐混合A,混合型,刘方正,鹏华基金
001493,鹏华弘锐混合C,混合型,刘方正,鹏华基金
001494,信诚新鑫混合A,混合型,杨立春,信诚基金
001495,东方新价值混合A,混合型,周薇,东方基金
001498,建信鑫荣回报灵活配置混合,混合型,牛兴华,建信基金
001499,国投瑞银新增长混合,混合型,桑俊,国投瑞银基金
001500,泓德远见回报混合,混合型,邬传雁,泓德基金
001501,招商丰裕混合A,混合型,何文韬,招商基金
001502,招商丰裕混合C,混合型,何文韬,招商基金
001503,南方利鑫C,混合型,孙鲁闽,南方基金
001504,南方利淘C,混合型,孙鲁闽,南方基金
001505,南方利众C,混合型,吴剑毅,南方基金
001506,景顺长城泰和回报混合A,混合型,万梦,景顺长城基金
001507,景顺长城泰和回报混合C,混合型,万梦,景顺长城基金
001508,富国新动力灵活配置混合A,混合型,李晓铭,富国基金
001510,富国新动力灵活配置混合C,混合型,李晓铭,富国基金
001511,兴全新视野定开混合,混合型,董承非,兴全基金
001513,易方达信息产业混合,混合型,郑希,易方达基金
001515,平安大华新鑫先锋C,混合型,邓翔,平安大华基金
001517,大成景裕灵活配置混合A,混合型,张文平,大成基金
001518,万家瑞兴,混合型,莫海波,万家基金
001522,博时新策略灵活配置混合A,混合型,王曦,博时基金
001523,博时新策略灵活配置混合C,混合型,王曦,博时基金
001524,华泰柏瑞精选回报混合,混合型,杨景涵,华泰柏瑞基金
001530,万家瑞富灵活配置混合,混合型,高翰昆,万家基金
001532,华安文体健康混合,混合型,苏圻涵,华安基金
001533,华泰柏瑞爱利混合,混合型,杨景涵,华泰柏瑞基金
001534,华宝万物互联混合,混合型,楼鸿强,华宝基金
001535,景顺长城改革机遇灵活配置混合,混合型,鲍无可,景顺长城基金
001536,南方君选,混合型,茅炜,南方基金
001537,中加改革红利混合,混合型,张旭,中加基金
001538,上投摩根科技前沿灵活配置混,混合型,李德辉,上投摩根基金
001540,浙商汇金转型驱动,混合型,唐光英,浙商证券资管
001543,宝盈新锐混合,混合型,肖肖,宝盈基金
001547,兴业聚惠灵活配置混合A,混合型,徐青,兴业基金
001563,华富健康文娱灵活配置混合,混合型,陈启明,华富基金
001564,东方红京东大数据混合,混合型,周云,上海东方证券资产管理
001565,永赢量化混合发起式,混合型,张大木,永赢基金
001566,南方利达A,混合型,吴剑毅,南方基金
001567,南方利达C,混合型,吴剑毅,南方基金
001568,泰达宏利增利混合,混合型,张勋,泰达宏利基金
001569,泰信国策驱动灵活配置混合,混合型,车广路,泰信基金
001570,南方利安A,混合型,吴剑毅,南方基金
001571,嘉合磐石A,混合型,季慧娟,嘉合基金
001572,嘉合磐石C,混合型,季慧娟,嘉合基金
001574,中海混改红利混合,混合型,邱红丽,中海基金
001580,南方利安C,混合型,吴剑毅,南方基金
001581,华安沪港深通精选灵活配置混,混合型,苏圻涵,华安基金
001582,大成景辉灵活配置混合A,混合型,张文平,大成基金
001584,国投瑞银新活力灵活配置混合A,混合型,吴潇,国投瑞银基金
001585,国投瑞银新活力灵活配置混合,混合型,宋璐,国投瑞银基金
001596,信诚新泽A,混合型,杨旭,信诚基金
001597,招商丰融混合A,混合型,王刚,招商基金
001598,招商丰融混合C,混合型,王刚,招商基金
001601,鑫元鑫新收益灵活配置混合A,混合型,张明凯,鑫元基金
001602,鑫元鑫新收益灵活配置混合C,混合型,张明凯,鑫元基金
001603,易方达安盈回报混合,混合型,张清华,易方达基金
001604,浙商汇金转型升级灵活配置混,混合型,赵语涛,浙商证券资管
001606,农银工业4.0混合,混合型,颜伟鹏,农银汇理基金
001607,英大策略优选A,混合型,袁忠伟,英大基金
001608,英大策略优选C,混合型,袁忠伟,英大基金
001609,平安大华鑫享混合A,混合型,WANG AO(汪澳),平安大华基金
001610,平安大华鑫享混合C,混合型,WANG AO(汪澳),平安大华基金
001614,东方区域发展混合,混合型,朱晓栋,东方基金
001615,中欧睿尚定期开放混合,混合型,孙倩倩,中欧基金
001620,嘉实新机遇混合发起式,混合型,王茜,嘉实基金
001622,新华鑫锐混合,混合型,李会忠,新华基金
001623,兴业国企改革混合,混合型,刘方旭,兴业基金
001633,万家瑞祥混合A,混合型,高翰昆,万家基金
001634,万家瑞祥混合C,混合型,高翰昆,万家基金
001635,万家瑞益灵活配置混合A,混合型,高翰昆,万家基金
001636,万家瑞益灵活配置混合C,混合型,高翰昆,万家基金
001639,嘉实新常态混合A,混合型,胡永青,嘉实基金
001640,嘉实新常态混合C,混合型,胡永青,嘉实基金
001641,富国绝对收益多策略混合,混合型,于鹏,富国基金
001647,天弘聚利灵活配置混合,混合型,姜晓丽,天弘基金
001648,工银新价值灵活配置混合,混合型,游凛峰,工银瑞信基金
001650,工银丰收回报灵活配置混合A,混合型,刘柯,工银瑞信基金
001654,国联安添鑫灵活配置混合C,混合型,薛琳,国联安基金
001656,农银中国优势灵活配置混合,混合型,顾旭俊,农银汇理基金
001657,长安鑫富领先混合,混合型,林忠晶,长安基金
001659,富安达新动力混合,混合型,毛矛,富安达基金
001662,创金沪港深精选混合,混合型,张荣,创金合信基金
001664,平安大华鑫安混合A,混合型,黄维,平安大华基金
001665,平安大华鑫安混合C,混合型,黄维,平安大华基金
001667,南方转型混合,混合型,张旭,南方基金
001670,长城新策略混合A,混合型,马强,长城基金
001671,长城新策略混合C,混合型,马强,长城基金
001673,红塔红土优质成长A,混合型,罗薇,红塔红土
001674,红塔红土优质成长C,混合型,罗薇,红塔红土
001675,江信同福A,混合型,郑昱,江信基金
001676,江信同福C,混合型,郑昱,江信基金
001679,前海开源中国稀缺资产混合A,混合型,曲扬,前海开源基金
001680,九泰久利灵活配置混合,混合型,王玥晰,九泰基金
001681,新华积极价值灵活配置混合,混合型,李会忠,新华基金
001682,新华鑫回报混合,混合型,姚秋,新华基金
001683,华夏新经济混合,混合型,彭海伟,华夏基金
001686,安信新动力混合A,混合型,庄园,安信基金
001687,安信新动力混合C,混合型,庄园,安信基金
001688,嘉实新起点混合A,混合型,王茜,嘉实基金
001694,华安沪港深外延增长混合,混合型,苏圻涵,华安基金
001695,泓德泓业混合,混合型,邬传雁,泓德基金
001700,建信鑫盛回报灵活配置混合,混合型,薛玲,建信基金
001701,中融产业升级混合,混合型,甘传琦,中融基金
001702,东方创新科技混合,混合型,郭瑞,东方基金
001704,国投瑞银进宝灵活配置混合,混合型,徐栋,国投瑞银基金
001706,诺安积极回报混合,混合型,李玉良,诺安基金
001708,东兴改革精选混合,混合型,孙继青,东兴证券
001709,华富物联世界灵活配置混合,混合型,王翔,华富基金
001710,安信新趋势混合A,混合型,张翼飞,安信基金
001711,安信新趋势混合C,混合型,张翼飞,安信基金
001712,东方红优势精选混合,混合型,刚登峰,上海东方证券资产管理
001715,工银新焦点混合A,混合型,胡志利,工银瑞信基金
001716,工银新趋势灵活配置混合A,混合型,游凛峰,工银瑞信基金
001720,工银新增利混合,混合型,张洋,工银瑞信基金
001721,工银新增益混合,混合型,李敏,工银瑞信基金
001722,工银银和利混合,混合型,魏欣,工银瑞信基金
001723,华商新动力灵活配置混合,混合型,刘萌萌,华商基金
001724,申万菱信多策略灵活配置混合,混合型,丁杰科,申万菱信基金
001727,申万菱信安鑫回报混合C,混合型,丁杰科,申万菱信基金
001728,银华战略新兴定开混合,混合型,倪明,银华基金
001729,银华逆向投资定开混合,混合型,杨欣,银华基金
001730,兴银大健康,混合型,张晓南,兴银基金
001731,广发百发大数据价值混合A,混合型,季峰,广发基金
001732,广发百发大数据价值混合E,混合型,季峰,广发基金
001734,广发百发大数据成长混合A,混合型,季峰,广发基金
001735,广发百发大数据成长混合E,混合型,季峰,广发基金
001740,光大中国制造2025混合,混合型,何奇,光大保德信基金
001741,广发百发大数据精选混合A,混合型,季峰,广发基金
001742,广发百发大数据精选混合E,混合型,季峰,广发基金
001743,诺安优选回报混合,混合型,李玉良,诺安基金
001744,诺安进取回报混合,混合型,李玉良,诺安基金
001745,易方达瑞富灵活配置混合I,混合型,胡剑,易方达基金
001746,易方达瑞富灵活配置混合E,混合型,胡剑,易方达基金
001753,红土创新新兴产业混合,混合型,侯世霞,红土创新基金
001754,永赢量化灵活配置混合发起式,混合型,张大木,永赢基金
001755,嘉实新思路混合,混合型,胡永青,嘉实基金
001756,嘉实策略优选混合,混合型,丁杰人,嘉实基金
001757,嘉实主题增强混合,混合型,邹唯,嘉实基金
001758,嘉实研究增强混合,混合型,陈少平,嘉实基金
001759,嘉实成长增强混合,混合型,邵秋涛,嘉实基金
001760,嘉实创新成长混合,混合型,周加文,嘉实基金
001761,广发安宏回报混合A,混合型,王予柯,广发基金
001762,广发安宏回报混合C,混合型,王予柯,广发基金
001763,广发多策略混合,混合型,邱璟旻,广发基金
001765,前海开源嘉鑫混合A,混合型,赵雪芹,前海开源基金
001769,易方达瑞惠混合发起式,混合型,肖林,易方达基金
001770,前海开源嘉鑫混合C,混合型,赵雪芹,前海开源基金
001771,南方量化混合,混合型,雷俊,南方基金
001772,南方消费活力,混合型,蒋秋洁,南方基金
001773,招商丰庆混合A,混合型,姚爽,招商基金
001774,招商丰庆混合C,混合型,姚爽,招商基金
001775,鹏华弘泰C,混合型,祝松,鹏华基金
001777,德邦多元回报灵活配置混合A,混合型,黎莹,德邦基金
001778,德邦多元回报灵活配置混合C,混合型,黎莹,德邦基金
001780,诺安改革趋势灵活配置混合,混合型,李嘉,诺安基金
001782,九泰久益混合A,混合型,王玥晰,九泰基金
001786,国泰信益灵活配置混合,混合型,樊利安,国泰基金
001789,国泰量化收益灵活配置混合,混合型,艾小军,国泰基金
001791,大成绝对收益策略混合A,混合型,黎新平,大成基金
001792,大成绝对收益策略混合C,混合型,黎新平,大成基金
001795,上投摩根文体休闲灵活配置混,混合型,周战海,上投摩根基金
001796,汇添富安鑫智选混合A,混合型,曾刚,汇添富基金
001797,华融新利灵活配置混合,混合型,靳冰馨,华融证券
001798,泰康新回报灵活配置混合A,混合型,蒋利娟,泰康资产
001799,泰康新回报灵活配置混合C,混合型,蒋利娟,泰康资产
001801,汇添富达欣混合A,混合型,李怀定,汇添富基金
001802,易方达瑞财混合I,混合型,胡剑,易方达基金
001803,易方达瑞财混合E,混合型,胡剑,易方达基金
001806,易方达瑞智灵活配置混合I,混合型,胡剑,易方达基金
001807,易方达瑞智灵活配置混合E,混合型,胡剑,易方达基金
001808,银华互联网主题灵活配置混合,混合型,王浩,银华基金
001809,中信建投智信物联网A,混合型,王浩,中信建投基金
001810,中欧潜力价值灵活配置混合,混合型,曹名长,中欧基金
001811,中欧明睿新常态混合,混合型,周应波,中欧基金
001813,国泰福益灵活配置混合,混合型,樊利安,国泰基金
001815,华泰柏瑞激励动力混合A,混合型,徐晓杰,华泰柏瑞基金
001816,汇添富新睿精选混合A,混合型,李怀定,汇添富基金
001817,易方达瑞兴灵活配置混合I,混合型,胡剑,易方达基金
001818,易方达瑞兴灵活配置混合E,混合型,胡剑,易方达基金
001822,华商智能生活灵活配置混合,混合型,马国江,华商基金
001823,光大鼎鑫混合C,混合型,何奇,光大保德信基金
001824,博时沪港深成长企业,混合型,张溪冈,博时基金
001827,富国研究优选沪港深混合,混合型,李晓铭,富国基金
001829,北信瑞丰中国智造主题,混合型,高峰,北信瑞丰
001830,融通跨界成长灵活配置混合,混合型,商小虎,融通基金
001834,长盛战略新兴产业混合C,混合型,李琪,长盛基金
001837,前海开源沪港深蓝筹精选混合,混合型,曲扬,前海开源基金
001838,国投瑞银国家安全混合,混合型,李轩,国投瑞银基金
001839,九泰久兴灵活配置混合,混合型,王玥晰,九泰基金
001840,招商丰享混合C,混合型,何文韬,招商基金
001841,招商丰享混合A,混合型,何文韬,招商基金
001844,九泰久益混合C,混合型,王玥晰,九泰基金
001845,国寿安保稳恒混合A,混合型,吴闻,国寿安保基金
001846,国寿安保稳健回报混合A,混合型,吴闻,国寿安保基金
001850,国泰安益灵活配置混合A,混合型,樊利安,国泰基金
001851,中融强国制造混合,混合型,沈潼,中融基金
001852,融通中国风1号灵活配置混合,混合型,范琨,融通基金
001856,易方达环保主题混合,混合型,王超,易方达基金
001861,富安达健康人生混合,混合型,李守峰,富安达基金
001864,中海魅力长三角混合,混合型,于航,中海基金
001865,前海开源事件驱动混合C,混合型,王霞,前海开源基金
001866,北信瑞丰新成长,混合型,于军华,北信瑞丰
001869,招商制造业混合A,混合型,王景,招商基金
001874,前海开源沪港深价值精选混合,混合型,曲扬,前海开源基金
001875,前海开源沪港深优势精选混合,混合型,曲扬,前海开源基金
001879,长城创新动力灵活配置混合,混合型,赵波,长城基金
001880,长城中国智造灵活配置混合,混合型,谭小兵,长城基金
001881,中欧新趋势混合(LOF)E,混合型,周蔚文,中欧基金
001882,中欧价值发现混合E,混合型,曹名长,中欧基金
001883,中欧新动力混合(LOF)E,混合型,王健,中欧基金
001885,中欧新蓝筹混合E,混合型,周蔚文,中欧基金
001886,中欧行业成长混合(LOF),混合型,李欣,中欧基金
001887,中欧价值智选混合E,混合型,吴鹏飞,中欧基金
001888,中欧盛世成长混合(LOF),混合型,魏博,中欧基金
001890,中欧精选定期开放混合E,混合型,周蔚文,中欧基金
001891,中欧成长优选混合E,混合型,庄波,中欧基金
001892,长盛新兴成长混合,混合型,赵楠,长盛基金
001896,泰达宏利绝对混合,混合型,刘欣,泰达宏利基金
001897,九泰久盛量化先锋混合A,混合型,孟亚强,九泰基金
001898,易方达大健康混合,混合型,萧楠,易方达基金
001901,前海开源沪港深隆鑫混合A,混合型,赵雪芹,前海开源基金
001902,前海开源沪港深隆鑫混合C,混合型,赵雪芹,前海开源基金
001903,光大欣鑫混合A,混合型,蔡乐,光大保德信基金
001904,光大欣鑫混合C,混合型,蔡乐,光大保德信基金
001910,泰康新机遇混合,混合型,桂跃强,泰康资产
001923,国泰添益灵活配置混合,混合型,樊利安,国泰基金
001924,华夏国企改革混合,混合型,郑晓辉,华夏基金
001927,华夏消费升级灵活配置混合A,混合型,黄文倩,华夏基金
001928,华夏消费升级灵活配置混合C,混合型,黄文倩,华夏基金
001933,华商新兴活力混合,混合型,何奇峰,华商基金
001939,光大睿鑫混合A,混合型,蔡乐,光大保德信基金
001940,农银现代农业加,混合型,郭世凯,农银汇理基金
001942,前海开源沪港深汇鑫混合A,混合型,谢屹,前海开源基金
001943,前海开源沪港深汇鑫混合C,混合型,谢屹,前海开源基金
001947,上投摩根安鑫回报A,混合型,聂曙光,上投摩根基金
001951,金鹰改革红利混合,混合型,于利强,金鹰基金
001954,银华生态环保主题灵活配置混合,混合型,王海峰,银华基金
001955,中欧养老产业混合,混合型,王健,中欧基金
001959,华商乐享互联灵活配置混合,混合型,高兵,华商基金
001965,圆信永丰兴源灵活配置混合A,混合型,范妍,圆信永丰基金
001966,圆信永丰兴源灵活配置混合C,混合型,范妍,圆信永丰基金
001967,华宝转型升级混合,混合型,区伟良,华宝基金
001970,泰信鑫选灵活配置混合A,混合型,董山青,泰信基金
001972,前海开源沪港深智慧生活混合,混合型,赵雪芹,前海开源基金
001978,泰信互联网+混合,混合型,钱鑫,泰信基金
001979,南方沪港深价值,混合型,刘霄汉,南方基金
001983,中邮低碳配置混合,混合型,张腾,中邮基金
001984,上投摩根智慧生活混合,混合型,杨景喻,上投摩根基金
001985,富国低碳新经济混合,混合型,杨栋,富国基金
001986,前海开源人工智能主题混合,混合型,曲扬,前海开源基金
001990,中欧数据挖掘混合A,混合型,曲径,中欧基金
001997,工银新趋势灵活配置混合C,混合型,游凛峰,工银瑞信基金
001998,工银新焦点混合C,混合型,游凛峰,工银瑞信基金
002000,工银新生利混合,混合型,李敏,工银瑞信基金
002001,华夏回报混合A,混合型,蔡向阳,华夏基金
002003,工银新机遇灵活配置混合A,混合型,游凛峰,工银瑞信基金
002004,工银新机遇灵活配置混合C,混合型,胡志利,工银瑞信基金
002005,工银新得利混合,混合型,李敏,工银瑞信基金
002006,工银新得益混合,混合型,魏欣,工银瑞信基金
002007,工银新得润混合,混合型,李敏,工银瑞信基金
002009,中欧瑾通灵活配置混合A,混合型,张跃鹏,中欧基金
002010,中欧瑾通灵活配置混合C,混合型,张跃鹏,中欧基金
002011,华夏红利,混合型,赵航,华夏基金
002013,中欧琪丰灵活配置混合A,混合型,孙甜,中欧基金
002014,中欧琪丰灵活配置混合C,混合型,孙甜,中欧基金
002015,南方荣光A,混合型,陶铄,南方基金
002016,南方荣光C,混合型,陶铄,南方基金
002017,招商瑞丰灵活配置混合发起式C,混合型,王刚,招商基金
002018,鹏华弘安混合A,混合型,李君,鹏华基金
002019,鹏华弘安混合C,混合型,李君,鹏华基金
002020,国都创新驱动,混合型,游典宗,国都证券
002021,华夏回报二号混合,混合型,蔡向阳,华夏基金
002023,红塔红土稳健回报A,混合型,赵耀,红塔红土
002024,红塔红土稳健回报C,混合型,赵耀,红塔红土
002025,广发聚盛混合A,混合型,王予柯,广发基金
002026,广发聚盛混合C,混合型,王予柯,广发基金
002027,中加心享混合A,混合型,张旭,中加基金
002028,九泰天宝灵活配置混合C,混合型,王玥晰,九泰基金
002029,安信动态策略混合C,混合型,蓝雁书,安信基金
002030,信诚新选混合B,混合型,提云涛,信诚基金
002031,华夏策略精选,混合型,林晶,华夏基金
002033,华安新财富灵活配置混合A,混合型,苏玉平,华安基金
002034,华安新财富灵活配置混合C,混合型,苏玉平,华安基金
002035,安信平稳增长混合发起C,混合型,庄园,安信基金
002036,安信优势增长混合C,混合型,聂世林,安信基金
002037,华安新希望灵活配置混合A,混合型,贺涛,华安基金
002038,华安新希望灵活配置混合C,混合型,贺涛,华安基金
002039,国投瑞银新收益混合A,混合型,殷瑞飞,国投瑞银基金
002040,国投瑞银新收益混合C,混合型,殷瑞飞,国投瑞银基金
002041,国投瑞银新成长混合A,混合型,桑俊,国投瑞银基金
002042,国投瑞银新成长混合C,混合型,桑俊,国投瑞银基金
002043,天治研究驱动混合C,混合型,王洋,天治基金
002045,国泰生益灵活配置混合C,混合型,樊利安,国泰基金
002046,信诚新锐混合B,混合型,杨立春,信诚基金
002047,信诚新鑫混合B,混合型,杨立春,信诚基金
002049,融通新机遇灵活配置混合,混合型,余志勇,融通基金
002051,诺安创新驱动混合C,混合型,吴博俊,诺安基金
002052,诺安稳健回报灵活配置混合C,混合型,吴博俊,诺安基金
002053,诺安优势行业混合C,混合型,吴博俊,诺安基金
002054,中银新财富混合A,混合型,钱亚风云,中银基金
002055,国泰兴益灵活配置混合C,混合型,樊利安,国泰基金
002056,中银新财富混合C,混合型,钱亚风云,中银基金
002057,中银新机遇混合A,混合型,白洁,中银基金
002058,中银新机遇混合C,混合型,白洁,中银基金
002059,国泰浓益灵活配置混合C,混合型,樊利安,国泰基金
002060,东方新策略灵活配置混合C,混合型,朱晓栋,东方基金
002061,国泰安康养老定期支付混合C,混合型,王琳,国泰基金
002062,国泰国策驱动灵活配置混合C,混合型,樊利安,国泰基金
002063,国泰结构转型灵活配置混合C,混合型,樊利安,国泰基金
002064,华富产业升级灵活配置混合,混合型,陈启明,华富基金
002067,诺安精选回报混合,混合型,李玉良,诺安基金
002068,东方多策略灵活配置混合C,混合型,朱晓栋,东方基金
002069,华泰柏瑞盛利混合A,混合型,杨景涵,华泰柏瑞基金
002070,华泰柏瑞盛利混合C,混合型,杨景涵,华泰柏瑞基金
002071,长安产业精选混合C,混合型,栾绍菲,长安基金
002072,长安鑫利优选混合C,混合型,林忠晶,长安基金
002075,光大睿鑫混合C,混合型,蔡乐,光大保德信基金
002076,浙商聚潮灵活配置,混合型,周锦程,浙商基金
002079,前海开源中国稀缺资产混合C,混合型,曲扬,前海开源基金
002080,前海开源一带一路混合C,混合型,徐立平,前海开源基金
002081,大成景沛灵活配置混合A,混合型,张文平,大成基金
002082,华泰柏瑞激励动力混合C,混合型,徐晓杰,华泰柏瑞基金
002083,新华鑫动力灵活配置混合A,混合型,李会忠,新华基金
002084,新华鑫动力灵活配置混合C,混合型,李会忠,新华基金
002085,长盛互联网+混合,混合型,赵楠,长盛基金
002087,国富新机遇混合A,混合型,吴西燕,国海富兰克林基金
002088,国富新机遇混合C,混合型,吴西燕,国海富兰克林基金
002089,长盛盛鑫混合A,混合型,杨衡,长盛基金
002090,长盛盛鑫混合C,混合型,杨衡,长盛基金
002091,华泰柏瑞新利混合C,混合型,杨景涵,华泰柏瑞基金
002092,国富新增长混合A,混合型,吴西燕,国海富兰克林基金
002093,国富新增长混合C,混合型,吴西燕,国海富兰克林基金
002094,华泰柏瑞制造2025混合C,混合型,李灿,华泰柏瑞基金
002095,博时新收益A,混合型,王曦,博时基金
002096,博时新收益C,混合型,过钧,博时基金
002097,国富新价值混合A,混合型,吴西燕,国海富兰克林基金
002098,国富新价值混合C,混合型,吴西燕,国海富兰克林基金
002099,国富新活力混合A,混合型,吴西燕,国海富兰克林基金
002100,国富新活力混合C,混合型,吴西燕,国海富兰克林基金
002101,创金合信鑫优选混合A,混合型,张荣,创金合信基金
002102,创金合信鑫优选混合C,混合型,张荣,创金合信基金
002103,招商康泰养老混合,混合型,王景,招商基金
002104,博时新价值A,混合型,王曦,博时基金
002105,博时新价值C,混合型,王曦,博时基金
002106,德邦福鑫灵活配置混合C,混合型,许文波,德邦基金
002110,中海中鑫灵活配置混合,混合型,许定晴,中海基金
002111,华宝兴业新起点混合,混合型,李栋梁,华宝基金
002112,德邦鑫星价值灵活配置混合C,混合型,许文波,德邦基金
002114,国富新收益混合A,混合型,吴西燕,国海富兰克林基金
002115,国富新收益混合C,混合型,吴西燕,国海富兰克林基金
002116,广发安享混合A,混合型,谢军,广发基金
002117,广发安享混合C,混合型,谢军,广发基金
002118,广发安盈混合A,混合型,任爽,广发基金
002119,广发安盈混合C,混合型,任爽,广发基金
002120,广发安悦混合,混合型,谢军,广发基金
002123,北信瑞丰外延增长,混合型,吴洋,北信瑞丰
002124,广发新兴产业混合,混合型,李巍,广发基金
002125,广发新兴成长混合,混合型,李巍,广发基金
002128,广发鑫惠混合,混合型,任爽,广发基金
002129,广发鑫利混合,混合型,谢军,广发基金
002130,广发鑫隆混合A,混合型,王予柯,广发基金
002131,广发鑫隆混合C,混合型,王予柯,广发基金
002132,广发鑫享混合,混合型,易阳方,广发基金
002133,广发鑫益混合,混合型,任爽,广发基金
002134,广发鑫裕混合,混合型,张芊,广发基金
002135,广发鑫源混合A,混合型,谭昌杰,广发基金
002136,广发鑫源混合C,混合型,谭昌杰,广发基金
002141,建信鑫丰回报灵活配置混合C,混合型,牛兴华,建信基金
002142,博时外延增长主题灵活配置混,混合型,蔡滨,博时基金
002144,华安新优选灵活配置混合C,混合型,郑可成,华安基金
002146,长安鑫益增强混合A,混合型,乔哲,长安基金
002147,长安鑫益增强混合C,混合型,乔哲,长安基金
002148,国寿安保稳惠混合,混合型,吴坚,国寿安保基金
002149,嘉实新优选混合,混合型,刘宁,嘉实基金
002152,华宝核心优势混合,混合型,胡戈游,华宝基金
002153,华安安润灵活配置混合A,混合型,郑可成,华安基金
002154,华安安润灵活配置混合C,混合型,郑可成,华安基金
002155,国金鑫瑞灵活配置混合,混合型,宫雪,国金基金
002156,长盛盛世混合A,混合型,冯雨生,长盛基金
002157,长盛盛世混合C,混合型,李琪,长盛基金
002158,汇添富安鑫智选混合C,混合型,曾刚,汇添富基金
002159,东吴国企改革,混合型,秦斌,东吴基金
002160,南方驱动混合,混合型,应帅,南方基金
002161,银华万物互联灵活配置混合,混合型,哈默,银华基金
002162,东方新价值混合C,混合型,薛子徵,东方基金
002163,东方惠新灵活配置混合C,混合型,周薇,东方基金
002164,汇添富新睿精选混合C,混合型,李怀定,汇添富基金
002165,汇添富达欣混合C,混合型,李怀定,汇添富基金
002166,华夏永福养老理财混合C,混合型,何家琪,华夏基金
002170,东吴移动互联C,混合型,刘元海,东吴基金
002172,海富通新内需混合C,混合型,谈云飞,海富通基金
002173,东方大健康混合,混合型,薛子徵,东方基金
002174,东方互联网嘉混合,混合型,郭瑞,东方基金
002177,信诚新泽B,混合型,杨旭,信诚基金
002178,嘉实新起点混合C,混合型,王茜,嘉实基金
002179,华安事件驱动量化策略混合,混合型,牛勇,华安基金
002180,中银移动互联灵活配置混合,混合型,王帅,中银基金
002181,华安大安全混合,混合型,苏圻涵,华安基金
002182,东兴蓝海财富混合,混合型,孙继青,东兴证券
002186,国联安鑫享灵活配置混合C,混合型,薛琳,国联安基金
002187,国联安鑫富混合C,混合型,吕中凡,国联安基金
002189,农银汇理国企改革混合,混合型,张峰,农银汇理基金
002190,农银新能源主题,混合型,顾旭俊,农银汇理基金
002191,农银物联网混合,混合型,韩林,农银汇理基金
002192,东方鼎新灵活配置混合C,混合型,周薇,东方基金
002193,东方利群混合C,混合型,朱晓栋,东方基金
002194,北信瑞丰稳定增强偏债混合,混合型,郑猛,北信瑞丰
002196,金鹰技术领先灵活配置混合C,混合型,王喆,金鹰基金
002203,国泰睿信平衡混合,混合型,王琳,国泰基金
002207,前海开源金银珠宝混合C,混合型,谢屹,前海开源基金
002211,嘉实新财富混合,混合型,胡永青,嘉实基金
002212,嘉实新起航混合,混合型,王茜,嘉实基金
002214,中海沪港深价值优选混合,混合型,林翠萍,中海基金
002221,嘉实价值增强混合,混合型,郭东谋,嘉实基金
002222,嘉实新趋势混合,混合型,刘宁,嘉实基金
002223,中邮尊享一年定开混合,混合型,任泽松,中邮基金
002224,中邮绝对收益策略定期开放混合,混合型,俞科进,中邮基金
002225,长城新视野混合A,混合型,马强,长城基金
002226,长城新视野混合C,混合型,马强,长城基金
002227,长城新优选混合A,混合型,马强,长城基金
002228,长城新优选混合C,混合型,马强,长城基金
002231,华夏新趋势混合A,混合型,毛颖,华夏基金
002232,华夏新趋势混合C,混合型,毛颖,华夏基金
002233,工银丰收回报灵活配置混合C,混合型,刘柯,工银瑞信基金
002237,大成景沛灵活配置混合C,混合型,张文平,大成基金
002244,景顺长城低碳科技主题混合,混合型,李孟海,景顺长城基金
002250,红土创新改革红利混合,混合型,丁硕,红土创新基金
002251,华夏军工安全混合,混合型,王晓李,华夏基金
002252,融通成长30灵活配置混合,混合型,付伟琦,融通基金
002256,金信新能源汽车混合发起式,混合型,刘榕俊,金信基金
002258,大成国企改革灵活配置混合,混合型,王磊,大成基金
002259,鹏华健康环保混合,混合型,蒋鑫,鹏华基金
002261,中银宝利混合A,混合型,钱亚风云,中银基金
002262,中银宝利混合C,混合型,钱亚风云,中银基金
002263,泰达宏利大数据混合A,混合型,刘欣,泰达宏利基金
002264,华夏乐享健康混合,混合型,陈斌,华夏基金
002269,银华大数据灵活配置定开混合,混合型,张凯,银华基金
002270,东吴安盈量化灵活配置混合,混合型,秦斌,东吴基金
002272,新华科技创新主题灵活配置混,混合型,李会忠,新华基金
002273,泰达宏利创益混合B,混合型,傅浩,泰达宏利基金
002290,大成景辉灵活配置混合C,混合型,张文平,大成基金
002294,博时新机遇混合C,混合型,过钧,博时基金
002297,方正富邦优选灵活配置混合C,混合型,徐超,方正富邦基金
002301,兴业聚盛灵活配置混合A,混合型,徐青,兴业基金
002303,金鹰智慧生活混合,混合型,陈立,金鹰基金
002305,光大风格轮动混合,混合型,翟云飞,光大保德信基金
002307,银华多元视野灵活配置混合,混合型,贾鹏,银华基金
002309,国寿安保稳恒混合C,混合型,吴闻,国寿安保基金
002312,国寿安保稳健回报混合C,混合型,吴闻,国寿安保基金
002313,泰达宏利新起点混合B,混合型,庞宝臣,泰达宏利基金
002314,泰达宏利新思路混合B,混合型,傅浩,泰达宏利基金
002317,招商睿逸混合,混合型,何文韬,招商基金
002319,大成一带一路灵活配置混合,混合型,戴军,大成基金
002322,银华汇利灵活配置混合C,混合型,哈默,银华基金
002323,银华稳利灵活配置混合C,混合型,孙慧,银华基金
002326,银华聚利灵活配置混合C,混合型,哈默,银华基金
002327,银华恒利灵活配置混合C,混合型,葛鹤军,银华基金
002328,银华泰利灵活配置混合C,混合型,葛鹤军,银华基金
002330,兴业聚宝灵活配置混合,混合型,冯烜,兴业基金
002331,泰康安泰回报混合,混合型,彭一博,泰康资产
002339,海富通养老收益混合C,混合型,谈云飞,海富通基金
002340,富国价值优势混合,混合型,王海军,富国基金
002345,华夏高端制造混合,混合型,代瑞亮,华夏基金
002360,前海开源清洁能源混合C,混合型,邱杰,前海开源基金
002365,国联安鑫禧灵活配置混合A,混合型,侯慧娣,国联安基金
002366,国联安鑫禧灵活配置混合C,混合型,侯慧娣,国联安基金
002368,国联安鑫悦灵活配置混合A,混合型,薛琳,国联安基金
002369,国联安鑫悦灵活配置混合C,混合型,薛琳,国联安基金
002370,大成景秀灵活配置混合C,混合型,黄万青,大成基金
002371,大成景明灵活配置混合C,混合型,朱哲,大成基金
002372,大成景穗灵活配置混合C,混合型,陈会荣,大成基金
002373,大成景源灵活配置混合C,混合型,黄万青,大成基金
002374,大成景鹏灵活配置混合C,混合型,黄万青,大成基金
002375,大成景裕灵活配置混合C,混合型,张文平,大成基金
002376,国寿安保核心产业混合,混合型,李丹,国寿安保基金
002383,大成趋势回报灵活配置混合,混合型,魏庆国,大成基金
002384,九泰鸿祥服务升级灵活配置混,混合型,孟亚强,九泰基金
002388,天弘裕利灵活配置混合,混合型,姜晓丽,天弘基金
002408,中信建投医改,混合型,刘宁,中信建投基金
002409,华夏新活力混合A,混合型,柳万军,华夏基金
002410,华夏新活力混合C,混合型,柳万军,华夏基金
002411,华夏新机遇混合,混合型,柳万军,华夏基金
002413,中银瑞利混合A,混合型,王妍,中银基金
002414,中银瑞利混合C,混合型,王妍,中银基金
002416,招商丰利灵活配置混合C,混合型,何文韬,招商基金
002417,招商丰盛稳定增长混合C,混合型,何文韬,招商基金
002418,汇添富优选回报灵活配置混合C,混合型,蒋文玲,汇添富基金
002424,博时文体娱乐主题混合,混合型,蒋娜,博时基金
002425,金鹰元禧混合C,混合型,倪超,金鹰基金
002430,中银丰利混合A,混合型,杨成,中银基金
002431,中银丰利混合C,混合型,赵建忠,中银基金
002433,天弘金利混合,混合型,姜晓丽,天弘基金
002434,中银宏利混合A,混合型,赵建忠,中银基金
002435,中银宏利混合C,混合型,赵建忠,中银基金
002436,上投摩根红利回报混合C,混合型,征茂平,上投摩根基金
002437,上投摩根天颐年丰混合C,混合型,聂曙光,上投摩根基金
002443,前海开源沪港深龙头精选混合,混合型,曲扬,前海开源基金
002449,民生加银量化中国混合,混合型,蔡晓,民生加银基金
002450,平安大华睿享文娱混合A,混合型,黄维,平安大华基金
002451,平安大华睿享文娱混合C,混合型,黄维,平安大华基金
002455,民生加银鑫喜混合,混合型,邱世磊,民生加银基金
002461,中银珍利混合A,混合型,王妍,中银基金
002462,中银珍利混合C,混合型,王妍,中银基金
002465,东兴众智优选混合,混合型,程远,东兴证券
002472,光大保德信先进服务业混合,混合型,黄兴亮,光大保德信基金
002482,宝盈互联网沪港深混合,混合型,张仲维,宝盈基金
002485,国联安通盈混合C,混合型,薛琳,国联安基金
002494,兴业聚盈灵活配置混合,混合型,腊博,兴业基金
002495,前海开源量化优选A,混合型,黄玥,前海开源基金
002496,前海开源量化优选C,混合型,黄玥,前海开源基金
002497,东方盛世灵活配置混合,混合型,周薇,东方基金
002498,兴业聚鑫灵活配置混合,混合型,腊博,兴业基金
002502,中银腾利混合A,混合型,赵志华,中银基金
002503,中银腾利混合C,混合型,赵志华,中银基金
002513,金鹰元安混合C,混合型,刘丽娟,金鹰基金
002514,招商丰益混合A,混合型,王宠,招商基金
002515,招商丰益混合C,混合型,王宠,招商基金
002516,招商丰达混合A,混合型,康晶,招商基金
002517,招商丰达混合C,混合型,康晶,招商基金
002518,民生加银鑫福混合,混合型,邱世磊,民生加银基金
002527,南方安享绝对收益,混合型,罗文杰,南方基金
002533,中加心享混合C,混合型,张旭,中加基金
002535,中银鑫利混合A,混合型,涂海强,中银基金
002536,中银鑫利混合C,混合型,涂海强,中银基金
002538,招商丰嘉混合A,混合型,王宠,招商基金
002539,招商丰嘉混合C,混合型,王宠,招商基金
002540,招商丰和混合A,混合型,王宠,招商基金
002541,招商丰和混合C,混合型,王宠,招商基金
002545,东方岳灵活配置混合,混合型,姚航,东方基金
002547,民生加银养老服务混合,混合型,高松,民生加银基金
002553,博时创业成长混合C,混合型,韩茂华,博时基金
002555,博时沪港深优质企业基金C,混合型,张溪冈,博时基金
002557,博时灵活配置混合C,混合型,蒋娜,博时基金
002558,博时鑫瑞混合A,混合型,王曦,博时基金
002559,博时鑫瑞混合C,混合型,王曦,博时基金
002561,东吴安鑫量化,混合型,周健,东吴基金
002562,泓德泓益量化混合,混合型,苏昌景,泓德基金
002563,泓德泓汇混合,混合型,郭堃,泓德基金
002564,新沃通盈灵活配置混合,混合型,邵将,新沃基金
002567,大成国家安全主题混合,混合型,侯春燕,大成基金
002574,招商瑞庆混合,混合型,郭锐,招商基金
002575,招商丰睿混合A,混合型,康晶,招商基金
002576,招商丰睿混合C,混合型,康晶,招商基金
002577,南方新兴混合,混合型,赵凤学,南方基金
002580,泰信鑫选灵活配置混合C,混合型,董山青,泰信基金
002581,招商丰凯混合A,混合型,姚飞军,招商基金
002582,招商丰凯混合C,混合型,姚飞军,招商基金
002583,泰信行业精选混合C,混合型,董山青,泰信基金
002593,富国美丽中国混合,混合型,张啸伟,富国基金
002594,工银现代服务业混合,混合型,王筱苓,工银瑞信基金
002597,兴业成长动力混合,混合型,刘方旭,兴业基金
002598,平安大华智能生活混合A,混合型,神爱前,平安大华基金
002599,平安大华智能生活混合C,混合型,神爱前,平安大华基金
002602,易方达丰惠混合,混合型,胡剑,易方达基金
002604,华夏新起点混合,混合型,魏镇江,华夏基金
002605,融通新消费灵活配置混合,混合型,关山,融通基金
002612,融通国企改革新机遇灵活配置混合,混合型,商小虎,融通基金
002614,中银颐利混合A,混合型,白洁,中银基金
002615,中银颐利混合C,混合型,白洁,中银基金
002616,中银益利混合A,混合型,杨成,中银基金
002617,中银益利混合C,混合型,杨成,中银基金
002618,中银裕利混合A,混合型,王妍,中银基金
002619,中银裕利混合C,混合型,王妍,中银基金
002620,中邮未来新蓝筹混合,混合型,杨欢,中邮基金
002623,广发服务业精选混合,混合型,王颂,广发基金
002624,广发优企精选混合,混合型,傅友兴,广发基金
002626,招商丰源混合A,混合型,王宠,招商基金
002627,招商丰源混合C,混合型,王宠,招商基金
002630,江信瑞福灵活配置混合A,混合型,杨淳,江信基金
002631,江信瑞福灵活配置混合C,混合型,杨淳,江信基金
002634,华宝未来主导混合,混合型,刘自强,华宝基金
002639,天弘价值精选灵活配置混合,混合型,王林,天弘基金
002643,鹏华兴利混合,混合型,李君,鹏华基金
002653,泰康沪港深精选混合,混合型,彭一博,泰康资产
002654,上投摩根策略精选混合,混合型,帅虎,上投摩根基金
002655,南方卓享绝对收益,混合型,罗文杰,南方基金
002659,兴业聚全灵活配置混合,混合型,熊伟,兴业基金
002660,兴业聚源灵活配置混合,混合型,熊伟,兴业基金
002662,前海开源沪港深大消费混合A,混合型,赵雪芹,前海开源基金
002663,前海开源沪港深大消费混合C,混合型,赵雪芹,前海开源基金
002664,万家瑞和灵活配置混合A,混合型,高翰昆,万家基金
002665,万家瑞和灵活配置混合C,混合型,高翰昆,万家基金
002666,前海开源沪港深创新成长混合,混合型,倪枫,前海开源基金
002667,前海开源沪港深创新成长混合C,混合型,倪枫,前海开源基金
002668,兴业聚丰灵活配置混合,混合型,熊伟,兴业基金
002669,华商万众创新混合,混合型,赵媛媛,华商基金
002670,万家瑞旭灵活配置混合A,混合型,卞勇,万家基金
002671,万家瑞旭灵活配置混合C,混合型,卞勇,万家基金
002683,民生加银前沿科技灵活配置混,混合型,孙伟,民生加银基金
002685,中欧丰泓沪港深混合A,混合型,曹名长,中欧基金
002686,中欧丰泓沪港深混合C,混合型,曹名长,中欧基金
002692,富国创新科技混合,混合型,李元博,富国基金
002694,中银新蓝筹混合,混合型,严菲,中银基金
002695,鹏华兴泽定期开放混合A,混合型,李韵怡,鹏华基金
002696,鹏华兴泽定期开放混合C,混合型,李韵怡,鹏华基金
002699,华夏新起航混合A,混合型,陈伟彦,华夏基金
002700,华夏新起航混合C,混合型,陈伟彦,华夏基金
002708,大摩健康产业混合,混合型,王大鹏,摩根士丹利华鑫基金
002715,新华健康生活主题混合,混合型,栾江伟,新华基金
002726,华富诚鑫灵活配置混合A,混合型,尹培俊,华富基金
002727,华富诚鑫灵活配置混合C,混合型,尹培俊,华富基金
002728,华富益鑫灵活配置混合A,混合型,张惠,华富基金
002729,华富益鑫灵活配置混合C,混合型,张惠,华富基金
002730,华富华鑫灵活配置混合A,混合型,尹培俊,华富基金
002731,华富华鑫灵活配置混合C,混合型,尹培俊,华富基金
002732,长盛沪港深混合,混合型,吴达,长盛基金
002746,汇添富多策略定开混合,混合型,赵鹏飞,汇添富基金
002767,泰康宏泰回报混合,混合型,桂跃强,泰康资产
002769,兴业聚盛灵活配置混合C,混合型,徐青,兴业基金
002770,安信新回报混合A,混合型,庄园,安信基金
002771,安信新回报混合C,混合型,庄园,安信基金
002772,光大产业新动力混合,混合型,田大伟,光大保德信基金
002773,光大铭鑫混合A,混合型,杨烨超,光大保德信基金
002774,光大铭鑫混合C,混合型,杨烨超,光大保德信基金
002778,新疆前海联合新思路混合A,混合型,林材,前海联合
002779,新疆前海联合新思路混合C,混合型,林材,前海联合
002780,前海联合全民健康混合,混合型,林材,前海联合
002783,东方红价值精选混合A,混合型,纪文静,上海东方证券资产管理
002784,东方红价值精选混合C,混合型,纪文静,上海东方证券资产管理
002791,融通通景灵活配置混合,混合型,余志勇,融通基金
002792,景顺长城顺益回报混合A,混合型,毛从容,景顺长城基金
002793,景顺长城顺益回报混合C,混合型,毛从容,景顺长城基金
002801,泓德泓信混合,混合型,郭堃,泓德基金
002803,东方红沪港深混合,混合型,林鹏,上海东方证券资产管理
002804,华泰柏瑞量化对冲,混合型,田汉卿,华泰柏瑞基金
002808,泓德优势领航混合,混合型,王克玉,泓德基金
002809,鹏华兴华定期开放混合,混合型,李君,鹏华基金
002810,金信转型创新成长混合发起式,混合型,刘榕俊,金信基金
002819,招商丰美混合A,混合型,潘明曦,招商基金
002820,招商丰美混合C,混合型,潘明曦,招商基金
002821,招商丰乐灵活配置混合A,混合型,王宠,招商基金
002822,招商丰乐灵活配置混合C,混合型,王宠,招商基金
002823,招商盛达混合A,混合型,张林,招商基金
002824,招商盛达混合C,混合型,张林,招商基金
002831,国投瑞银瑞宁混合,混合型,刘潇潇,国投瑞银基金
002833,华夏新锦绣混合A,混合型,毛颖,华夏基金
002834,华夏新锦绣混合C,混合型,毛颖,华夏基金
002835,华夏新锦泰混合A,混合型,陈伟彦,华夏基金
002836,华夏新锦泰混合C,混合型,陈伟彦,华夏基金
002837,华夏网购精选混合,混合型,郑煜,华夏基金
002838,华夏新锦程混合A,混合型,佟巍,华夏基金
002839,华夏新锦程混合C,混合型,佟巍,华夏基金
002844,金鹰多元策略混合,混合型,黄艳芳,金鹰基金
002845,上投摩根安鑫回报C,混合型,聂曙光,上投摩根基金
002846,泓德泓华混合,混合型,郭堃,泓德基金
002849,金信智能中国2025混合,混合型,刘榕俊,金信基金
002850,南方甑智混合,混合型,刘文良,南方基金
002851,南方品质混合,混合型,李振兴,南方基金
002853,华富元鑫灵活配置混合A,混合型,张惠,华富基金
002854,华富元鑫灵活配置混合C,混合型,张惠,华富基金
002860,前海开源沪港深新机遇混合,混合型,曲扬,前海开源基金
002862,金信量化精选混合,混合型,唐雷,金信基金
002863,金信深圳成长混合发起式,混合型,唐雷,金信基金
002871,华夏新锦源混合A,混合型,佟巍,华夏基金
002872,华夏新锦源混合C,混合型,佟巍,华夏基金
002908,富国睿利定开混合发起式,混合型,袁宜,富国基金
002910,易方达供给改革混合,混合型,陈皓,易方达基金
002911,鹏华兴实定期开放混合,混合型,李韵怡,鹏华基金
002913,鹏华兴益定期开放混合,混合型,李君,鹏华基金
002914,鹏华兴锐定期开放混合,混合型,李君,鹏华基金
002919,东吴智慧医疗量化策略混合,混合型,周健,东吴基金
002923,兴业聚惠灵活配置混合C,混合型,徐青,兴业基金
002931,南方荣毅,混合型,王啸,南方基金
002934,泰康恒泰回报混合A,混合型,任慧娟,泰康资产
002935,泰康恒泰回报混合C,混合型,任慧娟,泰康资产
002938,中银健康产业混合,混合型,罗众球,中银国际证券
002939,广发创新升级混合,混合型,王颂,广发基金
002941,广发安瑞回报混合A,混合型,代宇,广发基金
002942,广发安瑞回报混合C,混合型,代宇,广发基金
002943,广发多因子混合,混合型,傅友兴,广发基金
002944,信诚主题轮动灵活配置混合,混合型,张光成,信诚基金
002955,融通新趋势灵活配置混合,混合型,何天翔,融通基金
002967,浙商大数据智选消费混合,混合型,查晓磊,浙商基金
002968,新华高端制造混合,混合型,路文韬,新华基金
002983,长信国防军工量化混合,混合型,左金保,长信基金
002989,融通通乾研究精选混合,混合型,张延闽,融通基金
003000,招商丰德灵活配置混合A,混合型,张韵,招商基金
003001,招商丰德灵活配置混合C,混合型,张韵,招商基金
003004,招商睿祥定开混合,混合型,马龙,招商基金
003025,新华红利回报混合,混合型,姚秋,新华基金
003026,安信新价值混合A,混合型,庄园,安信基金
003027,安信新价值混合C,混合型,庄园,安信基金
003028,安信新优选混合A,混合型,庄园,安信基金
003029,安信新优选混合C,混合型,庄园,安信基金
003030,安信新目标混合A,混合型,杨凯玮,安信基金
003031,安信新目标混合C,混合型,杨凯玮,安信基金
003033,南方荣冠定开混合,混合型,李璇,南方基金
003035,广发安祥回报混合A,混合型,代宇,广发基金
003036,广发安祥回报混合C,混合型,代宇,广发基金
003044,东方红战略精选混合A,混合型,纪文静,上海东方证券资产管理
003045,东方红战略精选混合C,混合型,纪文静,上海东方证券资产管理
003057,建信瑞盛添利混合A,混合型,陈建良,建信基金
003058,建信瑞盛添利混合C,混合型,陈建良,建信基金
003059,长信先利半年定期开放混合,混合型,左金保,长信基金
003062,银华通利混合A,混合型,葛鹤军,银华基金
003063,银华通利混合C,混合型,葛鹤军,银华基金
003064,南方荣欢混合,混合型,陶铄,南方基金
003095,中欧医疗健康混合A,混合型,葛兰,中欧基金
003096,中欧医疗健康混合C,混合型,葛兰,中欧基金
003104,泰达宏利定宏混合,混合型,张勋,泰达宏利基金
003105,光大永鑫混合A,混合型,杨烨超,光大保德信基金
003106,光大永鑫混合C,混合型,杨烨超,光大保德信基金
003115,光大保德信诚鑫混合A,混合型,杨烨超,光大保德信基金
003116,光大保德信诚鑫混合C,混合型,杨烨超,光大保德信基金
003117,光大吉鑫混合A,混合型,蔡乐,光大保德信基金
003118,光大吉鑫混合C,混合型,蔡乐,光大保德信基金
003119,博时鑫源混合A,混合型,王曦,博时基金
003120,博时鑫源混合C,混合型,王曦,博时基金
003122,鹏华兴盛定开混合,混合型,李君,鹏华基金
003125,中科沃土沃鑫成长混合,混合型,李昱,中科沃土基金
003131,国寿安保强国智造混合,混合型,张琦,国寿安保基金
003132,德邦新回报灵活配置混合,混合型,戴鹤忠,德邦基金
003140,鹏华弘腾混合A,混合型,周恩源,鹏华基金
003141,鹏华弘腾混合C,混合型,周恩源,鹏华基金
003142,鹏华弘达混合A,混合型,刘方正,鹏华基金
003143,鹏华弘达混合C,混合型,刘方正,鹏华基金
003144,华宝新机遇混合(LOF)C,混合型,李栋梁,华宝基金
003147,大成动态量化混合,混合型,黎新平,大成基金
003148,中欧瑾悠灵活配置混合A,混合型,张跃鹏,中欧基金
003149,中欧瑾悠灵活配置混合C,混合型,张跃鹏,中欧基金
003150,中欧睿诚定期开放混合A,混合型,尹诚庸,中欧基金
003151,中欧睿诚定期开放混合C,混合型,曲径,中欧基金
003152,华富天鑫灵活配置混合A,混合型,王翔,华富基金
003153,华富天鑫灵活配置混合C,混合型,王翔,华富基金
003154,华宝新活力混合,混合型,李栋梁,华宝基金
003158,国投瑞银瑞达混合,混合型,綦缚鹏,国投瑞银基金
003161,南方安泰养老混合,混合型,孙鲁闽,南方基金
003165,鹏华弘嘉混合A类,混合型,刘方正,鹏华基金
003166,鹏华弘嘉混合C类,混合型,刘方正,鹏华基金
003169,长盛盛辉混合A,混合型,杨衡,长盛基金
003170,长盛盛辉混合C,混合型,杨衡,长盛基金
003175,华泰柏瑞多策略混合,混合型,方纬,华泰柏瑞基金
003182,华富弘鑫混合A,混合型,胡伟,华富基金
003183,华富弘鑫混合C,混合型,胡伟,华富基金
003186,鹏华兴安定期开放混合,混合型,李韵怡,鹏华基金
003187,嘉实安益混合,混合型,曲扬,嘉实基金
003190,创金合信鑫回报混合A,混合型,李晗,创金合信基金
003191,创金合信鑫回报混合C,混合型,李晗,创金合信基金
003208,东兴量化多策略混合,混合型,李兵伟,东兴证券
003215,信诚至鑫灵活配置混合A,混合型,王颖,信诚基金
003216,信诚至鑫灵活配置混合C,混合型,王颖,信诚基金
003224,鹏华兴润定期开放混合A,混合型,李韵怡,鹏华基金
003225,鹏华兴润定期开放混合C,混合型,李韵怡,鹏华基金
003230,创金合信鑫动力混合A,混合型,李晗,创金合信基金
003231,创金合信鑫动力混合C,混合型,李晗,创金合信基金
003232,创金合信鑫价值混合A,混合型,张荣,创金合信基金
003233,创金合信鑫价值混合C,混合型,张荣,创金合信基金
003234,信诚至利混合A,混合型,王颖,信诚基金
003235,信诚至利混合C,混合型,王颖,信诚基金
003238,新华外延增长主题灵活配置混合,混合型,付伟,新华基金
003241,创金合信量化发现混合A,混合型,程志田,创金合信基金
003242,创金合信量化发现混合C,混合型,程志田,创金合信基金
003247,泰达宏利启智灵活配置混合A,混合型,丁宇佳,泰达宏利基金
003248,泰达宏利启智灵活配置混合C,混合型,丁宇佳,泰达宏利基金
003250,融通通尚灵活配置混合A,混合型,余志勇,融通基金
003251,融通通尚灵活配置混合C,混合型,余志勇,融通基金
003256,信诚至益混合A,混合型,提云涛,信诚基金
003257,信诚至益混合C,混合型,提云涛,信诚基金
003271,国联安鑫瑞混合A,混合型,薛琳,国联安基金
003272,国联安鑫瑞混合C,混合型,薛琳,国联安基金
003275,国联安鑫盈混合A,混合型,吕中凡,国联安基金
003276,国联安鑫盈混合C,混合型,吕中凡,国联安基金
003279,融通沪港深智慧生活灵活配置,混合型,商小虎,融通基金
003282,信诚至裕灵活配置混合A,混合型,杨旭,信诚基金
003283,信诚至裕灵活配置混合C,混合型,杨旭,信诚基金
003284,中邮医药健康混合,混合型,王曼,中邮基金
003291,信达澳银健康中国混合,混合型,李朝伟,信达澳银基金
003292,嘉实优势成长混合,混合型,刘美玲,嘉实基金
003293,易方达科瑞混合,混合型,郑希,易方达基金
003295,南方安裕养老混合,混合型,孙鲁闽,南方基金
003300,华夏圆和混合,混合型,董阳阳,华夏基金
003304,前海开源沪港深核心资源混合A,混合型,吴国清,前海开源基金
003305,前海开源沪港深核心资源混合,混合型,吴国清,前海开源基金
003308,中信建投睿利A,混合型,王琦,中信建投基金
003319,建信瑞丰添利混合A,混合型,朱建华,建信基金
003320,建信瑞丰添利混合C,混合型,朱建华,建信基金
003326,招商睿诚定开混合,混合型,张韵,招商基金
003331,博时乐臻定开混合,混合型,过钧,博时基金
003332,南方荣发混合,混合型,刘文良,南方基金
003333,泰信智选成长混合,混合型,朱志权,泰信基金
003339,华安睿享定开混合A,混合型,贺涛,华安基金
003340,华安睿享定开混合C,混合型,胡宜斌,华安基金
003343,鹏华弘惠灵活配置混合A,混合型,刘方正,鹏华基金
003344,鹏华弘惠灵活配置混合C,混合型,刘方正,鹏华基金
003345,安信新成长混合A,混合型,陈一峰,安信基金
003346,安信新成长混合C,混合型,陈一峰,安信基金
003350,广发鑫盛18个月定开混合,混合型,王小罡,广发基金
003351,招商稳荣定开混合A,混合型,康晶,招商基金
003352,招商稳荣定开混合C,混合型,康晶,招商基金
003353,信诚至优灵活配置混合A,混合型,提云涛,信诚基金
003354,信诚至优灵活配置混合C,混合型,提云涛,信诚基金
003355,招商稳祥定开灵活混合A,混合型,康晶,招商基金
003356,招商稳祥定开灵活混合C,混合型,康晶,招商基金
003362,国联安睿利定开混合,混合型,侯慧娣,国联安基金
003367,鹏华兴合定期开放混合A,混合型,李韵怡,鹏华基金
003368,鹏华兴合定期开放混合C,混合型,李韵怡,鹏华基金
003373,大成景禄灵活配置混合A,混合型,黄万青,大成基金
003374,大成景禄灵活配置混合C,混合型,黄万青,大成基金
003378,泰康策略优选混合,混合型,桂跃强,泰康资产
003379,信诚至选混合A,混合型,提云涛,信诚基金
003380,信诚至选混合C,混合型,提云涛,信诚基金
003396,东方红优享红利混合,混合型,刚登峰,上海东方证券资产管理
003397,银华体育文化灵活配置混合,混合型,周思聪,银华基金
003403,华商瑞丰混合,混合型,张永志,华商基金
003404,招商稳盛定开混合A,混合型,滕越,招商基金
003405,招商稳盛定开混合C,混合型,滕越,招商基金
003411,鹏华弘康灵活配置混合A,混合型,周恩源,鹏华基金
003412,鹏华弘康灵活配置混合C,混合型,周恩源,鹏华基金
003413,华泰柏瑞新经济沪港深混合,混合型,黄明仁,华泰柏瑞基金
003414,泰达宏利创金混合A,混合型,庄腾飞,泰达宏利基金
003415,泰达宏利创金混合C,混合型,庄腾飞,泰达宏利基金
003432,信诚至瑞灵活配置A,混合型,提云涛,信诚基金
003433,信诚至瑞灵活配置C,混合型,提云涛,信诚基金
003434,博时鑫泽灵活配置混合A,混合型,王曦,博时基金
003435,博时鑫泽灵活配置混合C,混合型,王曦,博时基金
003436,博时鑫丰混合A,混合型,王曦,博时基金
003437,博时鑫丰混合C,混合型,王曦,博时基金
003446,英大睿鑫A,混合型,袁忠伟,英大基金
003447,英大睿鑫C,混合型,袁忠伟,英大基金
003456,信达澳银新目标混合,混合型,冯士祯,信达澳银基金
003462,新华鑫盛灵活配置混合,混合型,崔建波,新华基金
003476,南方安颐养老,混合型,吴剑毅,南方基金
003477,南方睿见混合,混合型,刘霄汉,南方基金
003484,金鹰鑫益混合A,混合型,黄艳芳,金鹰基金
003485,金鹰鑫益混合C,混合型,黄艳芳,金鹰基金
003490,长盛盛平灵活配置混合A,混合型,杨衡,长盛基金
003491,长盛盛平灵活配置混合C,混合型,杨衡,长盛基金
003493,申万菱信安鑫优选混合A,混合型,叶瑜珍,申万菱信基金
003494,富国天惠成长混合C,混合型,朱少醒,富国基金
003495,鹏华弘尚灵活配置混合A,混合型,周恩源,鹏华基金
003496,鹏华弘尚灵活配置混合C,混合型,周恩源,鹏华基金
003501,泰达睿智稳健灵活配置混合,混合型,刘欣,泰达宏利基金
003502,金鹰鑫瑞混合A,混合型,黄艳芳,金鹰基金
003503,金鹰鑫瑞混合C,混合型,黄艳芳,金鹰基金
003508,华安睿安定开混合A,混合型,朱才敏,华安基金
003509,华安睿安定开混合C,混合型,朱才敏,华安基金
003512,申万菱信安鑫优选混合C,混合型,叶瑜珍,申万菱信基金
003513,中邮消费升级,混合型,周楠,中邮基金
003516,国泰融安多策略灵活配置混合,混合型,樊利安,国泰基金
003541,国联安睿智定开混合,混合型,薛琳,国联安基金
003550,泰达改革动力混合C,混合型,刘欣,泰达宏利基金
003554,泰达宏利大数据混合C,混合型,刘欣,泰达宏利基金
003555,华泰柏瑞睿利混合A,混合型,杨景涵,华泰柏瑞基金
003556,华泰柏瑞睿利混合C,混合型,杨景涵,华泰柏瑞基金
003559,平安大华量化成长混合A,混合型,施旭,平安大华基金
003560,平安大华量化成长混合C,混合型,施旭,平安大华基金
003561,诺德成长精选A,混合型,郝旭东,诺德基金
003562,诺德成长精选C,混合型,郝旭东,诺德基金
003567,华夏行业景气混合,混合型,陈虎,华夏基金
003580,泰康沪港深价值优选混合,混合型,彭一博,泰康资产
003581,前海联合国民健康混合,混合型,林材,前海联合
003582,中金量化多策略混合,混合型,魏孛,中金基金
003586,先锋精一混合A,混合型,王颢,先锋基金
003587,先锋精一混合C,混合型,王颢,先锋基金
003591,华泰柏瑞享利混合A,混合型,杨景涵,华泰柏瑞基金
003592,华泰柏瑞享利混合C,混合型,杨景涵,华泰柏瑞基金
003593,国泰景气行业灵活配置混合,混合型,杨飞,国泰基金
003594,长盛盛崇灵活配置混合A,混合型,杨衡,长盛基金
003595,长盛盛崇灵活配置混合C,混合型,杨衡,长盛基金
003596,长盛盛腾混合A,混合型,杨衡,长盛基金
003597,长盛盛腾混合C,混合型,杨衡,长盛基金
003598,华商润丰灵活配置混合,混合型,鲁宁,华商基金
003601,申万菱信安鑫精选混合A,混合型,叶瑜珍,申万菱信基金
003602,申万菱信安鑫精选混合C,混合型,叶瑜珍,申万菱信基金
003603,景顺长城泰安回报混合A,混合型,万梦,景顺长城基金
003604,景顺长城泰安回报混合C,混合型,万梦,景顺长城基金
003610,南方荣安A,混合型,李璇,南方基金
003611,南方荣安C,混合型,李璇,南方基金
003620,招商睿乾混合,混合型,姚爽,招商基金
003626,平安鑫利定开,混合型,WANG AO(汪澳),平安大华基金
003632,招商稳乾定开混合A,混合型,康晶,招商基金
003633,招商稳乾定开混合C,混合型,康晶,招商基金
003641,长盛盛丰灵活配置混合A,混合型,杨衡,长盛基金
003642,长盛盛丰灵活配置混合C,混合型,杨衡,长盛基金
003655,信达澳银新财富混合,混合型,冯士祯,信达澳银基金
003658,长盛量化多策略灵活配置混合,混合型,王超,长盛基金
003659,山西策略灵活配置混合,混合型,蔡文,山西证券
003663,鹏华兴泰定期开放混合,混合型,刘方正,鹏华基金
003666,天弘金明灵活配置混合,混合型,钱文成,天弘基金
003667,天弘安盈混合,混合型,姜晓丽,天弘基金
003670,中融物联网主题灵活配置混合,混合型,孔学兵,中融基金
003684,汇安丰融混合A,混合型,仇秉则,汇安基金
003685,汇安丰融混合C,混合型,仇秉则,汇安基金
003686,国泰丰益灵活配置混合A,混合型,樊利安,国泰基金
003687,国泰丰益灵活配置混合C,混合型,樊利安,国泰基金
003689,国泰鸿益灵活配置混合A,混合型,樊利安,国泰基金
003690,国泰鸿益灵活配置混合C,混合型,樊利安,国泰基金
003692,大成景尚灵活配置混合A,混合型,王磊,大成基金
003693,大成景尚灵活配置混合C,混合型,王磊,大成基金
003694,国泰景益灵活配置混合A,混合型,樊利安,国泰基金
003695,国泰景益灵活配置混合C,混合型,樊利安,国泰基金
003697,华夏睿磐泰盛定开混合,混合型,张弘弢,华夏基金
003698,华夏新锦祥混合A,混合型,祝灿,华夏基金
003699,华夏新锦祥混合C,混合型,祝灿,华夏基金
003704,光大保德信事件驱动混合,混合型,赵大年,光大保德信基金
003713,英大睿盛A,混合型,袁忠伟,英大基金
003714,英大睿盛C,混合型,袁忠伟,英大基金
003715,宝盈消费主题混合,混合型,段鹏程,宝盈基金
003717,中银量化精选混合,混合型,赵志华,中银基金
003734,万家瑞盈灵活配置混合A,混合型,高翰昆,万家基金
003735,万家瑞盈灵活配置混合C,混合型,高翰昆,万家基金
003736,新华华荣灵活配置混合,混合型,张永超,新华基金
003738,新华华瑞灵活配置混合,混合型,张永超,新华基金
003739,新华鑫弘灵活配置混合,混合型,张永超,新华基金
003749,创金合信鑫收益混合A,混合型,李晗,创金合信基金
003750,创金合信鑫收益混合C,混合型,李晗,创金合信基金
003751,万家瑞隆灵活配置混合,混合型,高翰昆,万家基金
003754,国泰普益混合A,混合型,樊利安,国泰基金
003755,国泰普益混合C,混合型,樊利安,国泰基金
003756,国泰嘉益灵活配置混合A,混合型,樊利安,国泰基金
003757,国泰嘉益灵活配置混合C,混合型,樊利安,国泰基金
003758,国泰稳益定开灵活配置混合A,混合型,樊利安,国泰基金
003759,国泰稳益定开灵活配置混合C,混合型,樊利安,国泰基金
003760,国泰宁益定期开放灵活配置混合A,混合型,樊利安,国泰基金
003761,国泰宁益定期开放灵活配置混合C,混合型,樊利安,国泰基金
003762,国开开泰灵活配置混合A,混合型,洪宴,国开泰富基金
003763,国开开泰灵活配置混合C,混合型,洪宴,国开泰富基金
003769,中银品质生活混合,混合型,王帅,中银基金
003772,国联安鑫盛混合A,混合型,侯慧娣,国联安基金
003773,国联安鑫盛混合C,混合型,侯慧娣,国联安基金
003778,上投安瑞回报A,混合型,聂曙光,上投摩根基金
003779,上投安瑞回报C,混合型,聂曙光,上投摩根基金
003780,鹏华兴悦定期开放混合,混合型,刘方正,鹏华基金
003781,鹏华兴裕定期开放混合,混合型,刘方正,鹏华基金
003782,招商稳阳定开混合A,混合型,滕越,招商基金
003783,招商稳阳定开混合C,混合型,滕越,招商基金
003784,招商稳泰定开混合,混合型,康晶,招商基金
003797,华安新瑞利混合A,混合型,石雨欣,华安基金
003798,华安新瑞利混合C,混合型,石雨欣,华安基金
003799,华安新泰利灵活配置混合A,混合型,朱才敏,华安基金
003800,华安新泰利灵活配置混合C,混合型,朱才敏,华安基金
003801,华安新安平混合A,混合型,石雨欣,华安基金
003802,华安新安平混合C,混合型,石雨欣,华安基金
003803,华安新丰利灵活配置混合A,混合型,孙丽娜,华安基金
003804,华安新丰利灵活配置混合C,混合型,孙丽娜,华安基金
003805,华安新恒利混合A,混合型,石雨欣,华安基金
003806,华安新恒利混合C,混合型,石雨欣,华安基金
003807,南方荣优鑫年享定开混合A,混合型,李璇,南方基金
003808,南方荣优鑫年享定开混合C,混合型,李璇,南方基金
003813,泰康金泰3月定开混合,混合型,蒋利娟,泰康资产
003820,华夏新锦鸿混合A,混合型,何家琪,华夏基金
003821,华夏新锦鸿混合C,混合型,何家琪,华夏基金
003828,鹏华兴惠定期开放混合,混合型,李韵怡,鹏华基金
003830,建信鑫悦回报灵活配置混合,混合型,牛兴华,建信基金
003831,建信鑫瑞回报灵活配置混合,混合型,牛兴华,建信基金
003835,鹏华沪深港新兴成长混合,混合型,胡东健,鹏华基金
003839,易方达瑞通灵活配置混合A,混合型,张清华,易方达基金
003840,易方达瑞通灵活配置混合C,混合型,张清华,易方达基金
003842,中邮景泰灵活配置混合A,混合型,吴昊,中邮基金
003843,中邮景泰灵活配置混合C,混合型,吴昊,中邮基金
003845,汇安丰恒灵活配置混合A,混合型,仇秉则,汇安基金
003846,汇安丰恒灵活配置混合C,混合型,仇秉则,汇安基金
003848,中银广利灵活配置混合A,混合型,苗婷,中银基金
003849,中银广利灵活配置混合C,混合型,苗婷,中银基金
003850,中银锦利灵活配置混合A,混合型,杨成,中银基金
003851,中银锦利灵活配置混合C,混合型,杨成,中银基金
003854,汇安丰华混合A,混合型,仇秉则,汇安基金
003855,汇安丰华混合C,混合型,仇秉则,汇安基金
003856,国都聚鑫定期开放混合,混合型,张崴,国都证券
003857,前海开源周期优选混合A,混合型,谢屹,前海开源基金
003858,前海开源周期优选混合C,混合型,谢屹,前海开源基金
003861,招商兴福混合A,混合型,张韵,招商基金
003862,招商兴福混合C,混合型,张韵,招商基金
003877,富国久利稳健配置混合A,混合型,陈连权,富国基金
003878,富国久利稳健配置混合C,混合型,陈连权,富国基金
003882,易方达瑞弘混合A,混合型,张清华,易方达基金
003883,易方达瑞弘混合C,混合型,张清华,易方达基金
003884,汇安丰泰灵活配置混合A,混合型,仇秉则,汇安基金
003885,汇安丰泰灵活配置混合C,混合型,仇秉则,汇安基金
003886,汇安丰利混合A,混合型,仇秉则,汇安基金
003887,汇安丰利混合C,混合型,仇秉则,汇安基金
003889,汇安丰泽混合A,混合型,仇秉则,汇安基金
003890,汇安丰泽混合C,混合型,仇秉则,汇安基金
003895,安信新视野灵活配置混合A,混合型,杨凯玮,安信基金
003896,安信新视野灵活配置混合C,混合型,杨凯玮,安信基金
003900,交银瑞鑫定开混合,混合型,李娜,交银施罗德基金
003901,交银瑞景定开混合,混合型,李娜,交银施罗德基金
003906,华夏新锦图混合A,混合型,宋洋,华夏基金
003907,华夏新锦图混合C,混合型,宋洋,华夏基金
003912,泰达宏利启富混合A,混合型,庞宝臣,泰达宏利基金
003913,泰达宏利启富混合C,混合型,庞宝臣,泰达宏利基金
003914,泰达宏利启迪灵活配置混合A,混合型,庞宝臣,泰达宏利基金
003915,泰达宏利启迪灵活配置混合C,混合型,庞宝臣,泰达宏利基金
003916,泰达宏利启泽灵活配置混合A,混合型,丁宇佳,泰达宏利基金
003917,泰达宏利启泽灵活配置混合C,混合型,丁宇佳,泰达宏利基金
003918,泰达宏利启明灵活配置混合A,混合型,庞宝臣,泰达宏利基金
003919,泰达宏利启明灵活配置混合C,混合型,庞宝臣,泰达宏利基金
003922,长盛盛康灵活配置混合A,混合型,杨衡,长盛基金
003923,长盛盛康灵活配置混合C,混合型,杨衡,长盛基金
003924,长盛盛泰灵活配置混合A,混合型,杨衡,长盛基金
003925,长盛盛泰灵活配置混合C,混合型,李琪,长盛基金
003938,南方荣尊定开混合A,混合型,李璇,南方基金
003939,南方荣尊定开混合C,混合型,李璇,南方基金
003940,银华盛世精选灵活配置混合发,混合型,李晓星,银华基金
003941,国泰鑫益灵活配置混合A,混合型,樊利安,国泰基金
003942,国泰鑫益灵活配置混合C,混合型,樊利安,国泰基金
003943,国泰泽益灵活配置混合A,混合型,樊利安,国泰基金
003944,国泰泽益灵活配置混合C,混合型,樊利安,国泰基金
003945,国泰众益灵活配置混合A,混合型,樊利安,国泰基金
003946,国泰众益灵活配置混合C,混合型,樊利安,国泰基金
003950,博时鑫润混合A,混合型,王申,博时基金
003951,博时鑫润混合C,混合型,王申,博时基金
003954,华泰柏瑞价值精选30混合,混合型,杨景涵,华泰柏瑞基金
003955,国泰民丰回报定开混合,混合型,程洲,国泰基金
003957,安信新起点混合A,混合型,袁玮,安信基金
003958,安信新起点混合C,混合型,袁玮,安信基金
003959,平安大华量化混合A,混合型,刘俊廷,平安大华基金
003960,平安大华量化混合C,混合型,刘俊廷,平安大华基金
003961,易方达瑞程灵活配置混合A,混合型,张清华,易方达基金
003962,易方达瑞程灵活配置混合C,混合型,张清华,易方达基金
003964,华夏新锦略混合A,混合型,毛颖,华夏基金
003965,华夏新锦略混合C,混合型,毛颖,华夏基金
003966,中银润利混合A,混合型,涂海强,中银基金
003967,中银润利混合C,混合型,涂海强,中银基金
003970,华泰柏瑞兴利混合A,混合型,杨景涵,华泰柏瑞基金
003971,华泰柏瑞兴利混合C,混合型,杨景涵,华泰柏瑞基金
003974,中信建投睿泰灵活配置混合A,混合型,周户,中信建投基金
003975,中信建投睿泰灵活配置混合C,混合型,周户,中信建投基金
003980,中银证券瑞益混合A,混合型,罗众球,中银国际证券
003981,中银证券瑞益混合C,混合型,罗众球,中银国际证券
003991,富国富利稳健配置混合A,混合型,陈连权,富国基金
003992,富国富利稳健配置混合C,混合型,陈连权,富国基金
003993,前海开源沪港深核心驱动混合,混合型,丁骏,前海开源基金
004000,泰达睿选稳健混合,混合型,刘欣,泰达宏利基金
004003,泰达宏利启惠灵活配置混合A,混合型,丁宇佳,泰达宏利基金
004004,泰达宏利启惠灵活配置混合C,混合型,丁宇佳,泰达宏利基金
004005,东方民丰回报赢安混合A,混合型,王然,东方基金
004006,东方民丰回报赢安混合C,混合型,王然,东方基金
004008,中融鑫思路混合A,混合型,沈潼,中融基金
004009,中融鑫思路混合C,混合型,沈潼,中融基金
004010,华泰柏瑞鼎利灵活配置混合A,混合型,杨景涵,华泰柏瑞基金
004011,华泰柏瑞鼎利灵活配置混合C,混合型,杨景涵,华泰柏瑞基金
004012,华泰柏瑞裕利混合A,混合型,杨景涵,华泰柏瑞基金
004013,华泰柏瑞裕利混合C,混合型,杨景涵,华泰柏瑞基金
004014,华泰柏瑞锦利混合A,混合型,杨景涵,华泰柏瑞基金
004015,华泰柏瑞锦利混合C,混合型,杨景涵,华泰柏瑞基金
004018,招商兴华灵活配置混合A,混合型,张韵,招商基金
004019,招商兴华灵活配置混合C,混合型,张韵,招商基金
004023,广发量化稳健混合,混合型,刘杰,广发基金
004036,鹏华弘樽灵活配置混合A,混合型,李韵怡,鹏华基金
004037,鹏华弘樽灵活配置混合C,混合型,李韵怡,鹏华基金
004040,金鹰鑫富混合A,混合型,刘丽娟,金鹰基金
004041,金鹰鑫富混合C,混合型,刘丽娟,金鹰基金
004046,华夏新锦顺混合A,混合型,魏镇江,华夏基金
004047,华夏新锦顺混合C,混合型,魏镇江,华夏基金
004048,华夏新锦汇混合A,混合型,祝灿,华夏基金
004049,华夏新锦汇混合C,混合型,祝灿,华夏基金
004050,华夏新锦升混合A,混合型,魏镇江,华夏基金
004051,华夏新锦升混合C,混合型,魏镇江,华夏基金
004064,交银瑞利定期开放灵活配置混,混合型,李娜,交银施罗德基金
004065,中融量化多因子混合A,混合型,赵菲,中融基金
004067,中融鑫回报混合A,混合型,姜涛,中融基金
004068,中融鑫回报混合C,混合型,姜涛,中融基金
004076,国联安锐意成长混合,混合型,王超伟,国联安基金
004081,国联安鑫乾混合A,混合型,薛琳,国联安基金
004082,国联安鑫乾混合C,混合型,薛琳,国联安基金
004083,国联安鑫隆混合A,混合型,薛琳,国联安基金
004084,国联安鑫隆混合C,混合型,薛琳,国联安基金
004091,博时沪港深价值优选A,混合型,张溪冈,博时基金
004092,博时沪港深价值优选C,混合型,王俊,博时基金
004094,招商丰诚灵活混合A,混合型,康晶,招商基金
004095,招商丰诚灵活混合C,混合型,康晶,招商基金
004096,鹏华兴康定期开放混合,混合型,李君,鹏华基金
004099,前海开源沪港深景气行业精选混合,混合型,柯海东,前海开源基金
004100,鹏华安益增强混合,混合型,王宗合,鹏华基金
004101,国泰民安增益定开混合,混合型,吴晨,国泰基金
004110,信诚至盛A,混合型,杨旭,信诚基金
004111,信诚至盛C,混合型,杨旭,信诚基金
004112,创金合信国企活力混合,混合型,陈玉辉,创金合信基金
004113,华泰柏瑞泰利混合A,混合型,杨景涵,华泰柏瑞基金
004114,华泰柏瑞泰利混合C,混合型,杨景涵,华泰柏瑞基金
004115,嘉实新添程混合,混合型,曲扬,嘉实基金
004116,嘉实新添瑞混合,混合型,曲扬,嘉实基金
004119,广发创新驱动灵活配置混合,混合型,易阳方,广发基金
004128,前海联合泳隆混合,混合型,王静,前海联合
004129,国联安鑫汇混合A,混合型,薛琳,国联安基金
004130,国联安鑫汇混合C,混合型,薛琳,国联安基金
004131,国联安鑫发混合A,混合型,薛琳,国联安基金
004132,国联安鑫发混合C,混合型,薛琳,国联安基金
004135,申万菱信量化成长混合,混合型,金昉毅,申万菱信基金
004138,上银鑫达混合,混合型,赵治烨,上银基金
004139,中邮军民融合灵活配置混合,混合型,刘田,中邮基金
004142,招商盛合灵活混合A,混合型,吴昊,招商基金
004143,招商盛合灵活混合C,混合型,吴昊,招商基金
004144,上投安丰回报A,混合型,唐瑭,上投摩根基金
004145,上投安丰回报C,混合型,唐瑭,上投摩根基金
004146,上投安泽回报混合A,混合型,施虓文,上投摩根基金
004147,上投安泽回报混合C,混合型,唐瑭,上投摩根基金
004148,圆信永丰多策略,混合型,范妍,圆信永丰基金
004149,博时鑫惠混合A,混合型,过钧,博时基金
004150,博时鑫惠混合C,混合型,过钧,博时基金
004153,信诚新悦回报灵活配置混合A,混合型,杨旭,信诚基金
004154,信诚新悦回报灵活配置混合B,混合型,杨旭,信诚基金
004155,信诚至泰灵活配置混合A,混合型,杨旭,信诚基金
004156,信诚至泰灵活配置混合C,混合型,杨旭,信诚基金
004157,信诚至诚灵活配置混合A,混合型,杨立春,信诚基金
004158,信诚至诚灵活配置混合B,混合型,杨立春,信诚基金
004165,北信瑞丰增强回报,混合型,于军华,北信瑞丰
004166,东方价值挖掘灵活配置混合,混合型,王然,东方基金
004171,信诚永益一年定开混合A,混合型,提云涛,信诚基金
004172,信诚永益一年定开混合C,混合型,提云涛,信诚基金
004175,博时鑫泰混合A,混合型,王申,博时基金
004176,博时鑫泰混合C,混合型,王申,博时基金
004182,建信瑞福添利混合A,混合型,李菁,建信基金
004183,富国产业升级混合,混合型,章旭峰,富国基金
004189,华商民营活力灵活配置混合,混合型,何奇峰,华商基金
004202,华夏睿磐泰兴混合,混合型,张弘弢,华夏基金
004205,东方支柱产业灵活配置混合,混合型,朱晓栋,东方基金
004206,华商元亨灵活配置混合,混合型,李丹,华商基金
004207,交银启通灵活配置混合A,混合型,李娜,交银施罗德基金
004208,交银启通灵活配置混合C,混合型,李娜,交银施罗德基金
004209,大成智惠量化多策略混合,混合型,夏高,大成基金
004212,中融量化智选混合A,混合型,易海波,中融基金
004218,前海开源裕和定期开放混合,混合型,刘静,前海开源基金
004219,中海添顺定期开放混合,混合型,刘俊,中海基金
004221,长信量化先锋混合C,混合型,左金保,长信基金
004223,金信多策略精选灵活配置,混合型,唐雷,金信基金
004224,南方军工改革灵活配置混合,混合型,魏萌,南方基金
004225,国寿安保稳诚混合A,混合型,方旭赟,国寿安保基金
004226,国寿安保稳诚混合C,混合型,方旭赟,国寿安保基金
004227,泰信鑫利混合A,混合型,何俊春,泰信基金
004228,泰信鑫利混合C,混合型,何俊春,泰信基金
004231,中欧行业成长混合(LOF),混合型,李欣,中欧基金
004232,中欧价值发现混合C,混合型,曹名长,中欧基金
004233,中欧盛世成长混合(LOF)C,混合型,魏博,中欧基金
004234,中欧数据挖掘混合C,混合型,曲径,中欧基金
004235,中欧价值智选混合C,混合型,吴鹏飞,中欧基金
004236,中欧新动力混合(LOF)C,混合型,王健,中欧基金
004237,中欧新蓝筹混合C,混合型,周蔚文,中欧基金
004244,东方周期优选灵活配置混合,混合型,薛子徵,东方基金
004245,国都聚益定开混合,混合型,张小强,国都证券
004248,华宝新动力混合,混合型,李栋梁,华宝基金
004249,安信中国制造2025混合,混合型,陈一峰,安信基金
004250,银河量化优选混合,混合型,楼华锋,银河基金
004252,国泰安益灵活配置混合C,混合型,樊利安,国泰基金
004258,国寿安保稳嘉混合A,混合型,董瑞倩,国寿安保基金
004259,国寿安保稳嘉混合C,混合型,董瑞倩,国寿安保基金
004260,德邦稳盈增长灵活配置混合,混合型,许文波,德邦基金
004263,华安沪港深机会灵活配置混合,混合型,苏圻涵,华安基金
004265,金鹰民丰回报定期开放混合,混合型,刘丽娟,金鹰基金
004266,招商沪港深科技创新混合,混合型,向霈,招商基金
004268,中信建投睿康A,混合型,王浩,中信建投基金
004269,中信建投睿康C,混合型,王浩,中信建投基金
004270,汇添富民丰回报混合A,混合型,赵鹏飞,汇添富基金
004271,汇添富民丰回报混合C,混合型,吴江宏,汇添富基金
004276,浦银安和回报定开混合A,混合型,褚艳辉,浦银安盛基金
004277,浦银安和回报定开混合C,混合型,褚艳辉,浦银安盛基金
004278,东方红智逸沪港深定开混合,混合型,周云,上海东方证券资产管理
004279,国寿安保稳荣混合A,混合型,吴闻,国寿安保基金
004280,国寿安保稳荣混合C,混合型,吴闻,国寿安保基金
004281,华宝新回报一年定开混合,混合型,李栋梁,华宝基金
004283,中欧达安一年定开混合,混合型,尹诚庸,中欧基金
004284,华宝新优选定开混合,混合型,李栋梁,华宝基金
004287,国投瑞银安颐多策略混合,混合型,韩海平,国投瑞银基金
004289,博时新财富混合C,混合型,王申,博时基金
004297,长盛盛淳灵活配置混合A,混合型,杨衡,长盛基金
004298,长盛盛淳灵活配置混合C,混合型,杨衡,长盛基金
004299,长盛盛泽混合A,混合型,杨衡,长盛基金
004300,长盛盛泽混合C,混合型,杨衡,长盛基金
004301,国寿安保稳信混合A,混合型,董瑞倩,国寿安保基金
004302,国寿安保稳信混合C,混合型,董瑞倩,国寿安保基金
004303,长盛盛德灵活配置混合A,混合型,杨衡,长盛基金
004304,长盛盛德灵活配置混合C,混合型,杨衡,长盛基金
004305,长盛盛禧灵活配置混合A,混合型,杨衡,长盛基金
004306,长盛盛禧灵活配置混合C,混合型,杨衡,长盛基金
004308,长盛盛享灵活配置混合A,混合型,杨衡,长盛基金
004309,长盛盛享灵活配置混合C,混合型,杨衡,长盛基金
004310,长盛盛瑞灵活配置混合A,混合型,杨衡,长盛基金
004311,长盛盛瑞灵活配置混合C,混合型,杨衡,长盛基金
004312,长盛盛兴混合A,混合型,杨衡,长盛基金
004313,长盛盛兴混合C,混合型,杨衡,长盛基金
004314,前海开源沪港深新硬件A,混合型,徐立平,前海开源基金
004315,前海开源沪港深新硬件C,混合型,徐立平,前海开源基金
004316,前海开源沪港深裕鑫A,混合型,王霞,前海开源基金
004317,前海开源沪港深裕鑫C,混合型,王霞,前海开源基金
004320,前海开源沪港深乐享生活,混合型,吴国清,前海开源基金
004321,前海开源沪港深强国产业混合,混合型,吴国清,前海开源基金
004326,国联安鑫怡混合A,混合型,吕中凡,国联安基金
004327,国联安鑫怡混合C,混合型,吕中凡,国联安基金
004328,信诚永鑫定开混合A,混合型,提云涛,信诚基金
004329,信诚永鑫定开混合C,混合型,提云涛,信诚基金
004332,恒生沪港深新兴产业精选混合,混合型,张勇,恒生前海基金
004335,华宝新飞跃灵活配置混合,混合型,李栋梁,华宝基金
004336,长盛盛乾灵活配置混合A,混合型,杨衡,长盛基金
004337,长盛盛乾灵活配置混合C,混合型,杨衡,长盛基金
004338,长盛盛弘混合A,混合型,杨衡,长盛基金
004339,长盛盛弘混合C,混合型,杨衡,长盛基金
004340,泰康兴泰回报沪港深混合,混合型,桂跃强,泰康资产
004341,农银尖端科技混合,混合型,韩林,农银汇理基金
004351,汇丰晋信珠三角区域发展混合,混合型,吴培文,汇丰晋信基金
004353,嘉实新添华定期混合,混合型,刘宁,嘉实基金
004355,嘉实丰和灵活配置混合,混合型,吴云峰,嘉实基金
004357,南方智慧混合,混合型,史博,南方基金
004358,华泰柏瑞嘉利混合,混合型,杨景涵,华泰柏瑞基金
004359,创金合信量化核心混合A,混合型,程志田,创金合信基金
004360,创金合信量化核心混合C,混合型,程志田,创金合信基金
004361,上投摩根安通回报混合A,混合型,聂曙光,上投摩根基金
004362,上投摩根安通回报混合C,混合型,聂曙光,上投摩根基金
004374,华泰保兴吉年丰混合发起A,混合型,尚烁徽,华泰保兴
004375,华泰保兴吉年丰混合发起C,混合型,尚烁徽,华泰保兴
004378,信诚永丰定开混合A,混合型,杨旭,信诚基金
004379,信诚永丰定开混合C,混合型,杨旭,信诚基金
004380,信诚永利一年定开混合A,混合型,提云涛,信诚基金
004381,信诚永利一年定开混合C,混合型,提云涛,信诚基金
004385,中金新安灵活配置混合,混合型,郭党钰,中金基金
004390,平安大华转型创新混合A,混合型,乔海英,平安大华基金
004391,平安大华转型创新混合C,混合型,乔海英,平安大华基金
004393,安信合作创新灵活配置混合,混合型,陈一峰,安信基金
004394,华泰柏瑞量化创优混合,混合型,田汉卿,华泰柏瑞基金
004396,中银文体娱乐混合,混合型,钱亚风云,中银基金
004397,长盛信息安全量化策略混合,混合型,冯雨生,长盛基金
004405,国寿安保稳寿混合A,混合型,李丹,国寿安保基金
004406,国寿安保稳寿混合C,混合型,李丹,国寿安保基金
004411,申万菱信臻选6个月定期开放,混合型,丁杰科,申万菱信基金
004412,申万菱信智选一年定开,混合型,丁杰科,申万菱信基金
004413,建信民丰回报混合,混合型,叶乐天,建信基金
004423,华商研究精选灵活配置,混合型,蔡建军,华商基金
004429,南方文旅混合,混合型,蒋秋洁,南方基金
004434,博时逆向投资混合A,混合型,周志超,博时基金
004435,博时逆向投资混合C,混合型,周志超,博时基金
004436,添富年年泰定开混合A,混合型,陆文磊,汇添富基金
004437,添富年年泰定开混合C,混合型,陆文磊,汇添富基金
004442,中欧康裕混合A,混合型,张跃鹏,中欧基金
004443,南方荣知定期开放混合A,混合型,李璇,南方基金
004444,南方荣知定期开放混合C,混合型,李璇,南方基金
004446,南方荣年A,混合型,李璇,南方基金
004447,南方荣年C,混合型,李璇,南方基金
004448,博时汇智回报灵活配置混合,混合型,吴渭,博时基金
004451,汇添富年年丰定开混合A,混合型,陈加荣,汇添富基金
004452,汇添富年年丰定开混合C,混合型,陈加荣,汇添富基金
004453,前海开源盈鑫A,混合型,王霞,前海开源基金
004454,前海开源盈鑫C,混合型,王霞,前海开源基金
004455,中欧康裕混合C,混合型,张跃鹏,中欧基金
004456,兴银消费新趋势灵活配置,混合型,张晓南,兴银基金
004457,光大信多策略智选定开混合,混合型,何奇,光大保德信基金
004460,富国嘉利稳健配置定期开放混,混合型,陈连权,富国基金
004466,长盛盛杰一年期定开混合,混合型,张帆,长盛基金
004468,建信瑞福添利混合C,混合型,李菁,建信基金
004475,华泰柏瑞富利混合,混合型,杨景涵,华泰柏瑞基金
004477,嘉实沪港深回报混合,混合型,张金涛,嘉实基金
004480,华宝智慧产业混合,混合型,闫旭,华宝基金
004481,华宝第三产业混合,混合型,季鹏,华宝基金
004489,鹏华量化策略混合,混合型,余斌,鹏华基金
004490,海富通欣悦混合C,混合型,张炳炜,海富通基金
004491,海富通欣悦混合A,混合型,陈轶平,海富通基金
004492,信诚至信,混合型,杨旭,信诚基金
004495,博时量化平衡混合,混合型,黄瑞庆,博时基金
004496,前海开源多元策略混合A,混合型,付海宁,前海开源基金
004497,前海开源多元策略混合C,混合型,付海宁,前海开源基金
004505,博时新兴消费主题混合,混合型,王俊,博时基金
004508,融通新动力灵活配置混合,混合型,余志勇,融通基金
004510,九泰久盛量化先锋混合C,混合型,孟亚强,九泰基金
004512,海富通富睿混合C,混合型,陈轶平,海富通基金
004513,海富通富睿混合A,混合型,陈轶平,海富通基金
004514,鹏华新科技传媒混合,混合型,陈鹏,鹏华基金
004517,南方安康混合,混合型,李振兴,南方基金
004518,信诚新丰A,混合型,杨立春,信诚基金
004519,信诚新丰B,混合型,杨立春,信诚基金
004521,安信工业4.0灵活配置混合,混合型,蓝雁书,安信基金
004522,安信工业4.0灵活配置混合C,混合型,蓝雁书,安信基金
004525,中欧达乐一年定开混合,混合型,尹诚庸,中欧基金
004534,添富年年益定开混合A,混合型,曾刚,汇添富基金
004535,添富年年益定开混合C,混合型,曾刚,汇添富基金
004536,嘉实中小企业量化活力混合,混合型,张自力,嘉实基金
004549,富安达消费主题混合,混合型,吴战峰,富安达基金
004551,中银证券瑞享混合A,混合型,吴亮谷,中银国际证券
004552,中银证券瑞享混合C,混合型,吴亮谷,中银国际证券
004558,汇安丰裕灵活配置混合A,混合型,戴杰,汇安基金
004559,汇安丰裕灵活配置混合C,混合型,仇秉则,汇安基金
004560,汇安丰益混合A,混合型,仇秉则,汇安基金
004561,汇安丰益混合C,混合型,仇秉则,汇安基金
004569,招商制造业混合C,混合型,王景,招商基金
004573,新华鑫泰灵活配置混合,混合型,崔建波,新华基金
004576,新华恒益量化灵活配置混合,混合型,张永超,新华基金
004587,中金丰沃A,混合型,石玉,中金基金
004588,中金丰沃C,混合型,石玉,中金基金
004592,安信量化多因子混合,混合型,龙川,安信基金
004595,天弘天盈灵活配置混合,混合型,钱文成,天弘基金
004604,富国新活力灵活配置混合A,混合型,钟智伦,富国基金
004605,富国新活力灵活配置混合C,混合型,钟智伦,富国基金
004634,新疆前海联合泳涛混合,混合型,王静,前海联合
004635,中信建投睿利C,混合型,王琦,中信建投基金
004636,中信建投智信物联网C,混合型,王浩,中信建投基金
004641,万家量化睿选混合,混合型,卞勇,万家基金
004646,华宝新优享混合,混合型,李栋梁,华宝基金
004648,南方安睿混合,混合型,孙鲁闽,南方基金
004649,国开开航混合,混合型,林聪,国开泰富基金
004659,银河嘉祥混合A,混合型,韩晶,银河基金
004660,银河嘉祥混合C,混合型,韩晶,银河基金
004666,长城久嘉创新成长混合,混合型,蒋劲刚,长城基金
004670,长盛分享经济主题灵活配置混,混合型,乔林建,长盛基金
004671,中融核心成长,混合型,孔学兵,中融基金
004676,中信建投睿信灵活配置混合C,混合型,王晓贞,中信建投基金
004677,博时战略新兴产业混合,混合型,蔡滨,博时基金
004680,前海开源沪港深裕瑞定开,混合型,刘静,前海开源基金
004694,天弘策略精选混合A,混合型,李宁,天弘基金
004702,南方金融混合,混合型,吴剑毅,南方基金
004703,南方兴盛混合,混合型,李振兴,南方基金
004712,中金丰鸿灵活配置混合A,混合型,石玉,中金基金
004713,中金丰鸿灵活配置混合C,混合型,郭党钰,中金基金
004714,中金丰颐灵活配置混合A,混合型,郭党钰,中金基金
004715,中金丰颐灵活配置混合C,混合型,石玉,中金基金
004726,先锋聚优A,混合型,王颢,先锋基金
004727,先锋聚优C,混合型,王颢,先锋基金
004728,中欧瑾泰灵活配置混合A,混合型,张跃鹏,中欧基金
004729,中欧瑾泰灵活配置混合C,混合型,张跃鹏,中欧基金
004737,富国新优享灵活配置混合A,混合型,钟智伦,富国基金
004740,中欧瑞丰灵活配置混合C,混合型,周蔚文,中欧基金
004741,农银汇理区间策略混合,混合型,顾旭俊,农银汇理基金
004745,长盛创新驱动灵活配置混合,混合型,乔林建,长盛基金
004747,富国新优享灵活配置混合C,混合型,钟智伦,富国基金
004748,天弘策略精选混合C,混合型,李宁,天弘基金
004772,国寿安保稳泰一年定开混合A,混合型,吴闻,国寿安保基金
004773,国寿安保稳泰一年定开混合C,混合型,吴闻,国寿安保基金
004774,添富添福吉祥混合,混合型,何旻,汇添富基金
004775,嘉实新添泽定期混合,混合型,刘宁,嘉实基金
004777,国都消费升级灵活配置混合,混合型,张小强,国都证券
004783,中融量化智选混合C,混合型,易海波,中融基金
004785,中融量化多因子混合C,混合型,赵菲,中融基金
004818,国寿安保目标策略混合发起A,混合型,张琦,国寿安保基金
004819,国寿安保目标策略混合发起C,混合型,张琦,国寿安保基金
004827,平安大华鑫荣混合A,混合型,申俊华,平安大华基金
004828,平安大华鑫荣混合C,混合型,申俊华,平安大华基金
004829,北信瑞丰兴瑞混合,混合型,陈乐华,北信瑞丰
004845,南华瑞盈混合发起A,混合型,刘斐,南华基金
004846,南华瑞盈混合发起C,混合型,刘斐,南华基金
004868,交银股息优化混合,混合型,韩威俊,交银施罗德基金
004871,中银金融地产混合,混合型,刘腾,中银基金
004883,中银瑞丰定开混合A,混合型,吴亮谷,中银国际证券
004884,中银瑞丰定开混合C,混合型,吴亮谷,中银国际证券
004888,财通资管鑫逸混合A,混合型,宫志芳,财通资管
004889,财通资管鑫逸混合C,混合型,宫志芳,财通资管
004895,华商鑫安灵活混合,混合型,赵媛媛,华商基金
004897,长安鑫恒回报混合A,混合型,陈立秋,长安基金
004898,长安鑫恒回报混合C,混合型,陈立秋,长安基金
004905,华泰柏瑞生物医药混合,混合型,徐晓杰,华泰柏瑞基金
004907,长安鑫垚主题混合A,混合型,林忠晶,长安基金
004908,长安鑫垚主题混合C,混合型,林忠晶,长安基金
004915,北信瑞丰尊赢定期开放混合,混合型,于军华,北信瑞丰
004916,嘉实新添丰定期混合,混合型,王茜,嘉实基金
004932,招商丰拓灵活混合A,混合型,康晶,招商基金
004933,招商丰拓灵活混合C,混合型,康晶,招商基金
004935,国都智能制造,混合型,程广飞,国都证券
004944,鑫元鑫趋势灵活配置混合A,混合型,张明凯,鑫元基金
004946,汇添富盈润混合A,混合型,何旻,汇添富基金
004947,汇添富盈润混合C,混合型,何旻,汇添富基金
004948,鑫元鑫趋势灵活配置混合C,混合型,张明凯,鑫元基金
004951,申万菱信价值优利混合,混合型,袁英杰,申万菱信基金
004958,圆信永丰优享生活,混合型,范妍,圆信永丰基金
004965,泓德致远混合A,混合型,邬传雁,泓德基金
004966,泓德致远混合C,混合型,邬传雁,泓德基金
004975,交银恒益灵活配置混合,混合型,盖婷婷,交银施罗德基金
004986,鹏华策略回报混合,混合型,王宗合,鹏华基金
004987,诺德新享灵活配置混合,混合型,张倩,诺德基金
005000,泰康泉林量化价值精选混合A,混合型,刘伟,泰康资产
005005,中金金泽A,混合型,杨立,中金基金
005006,中金金泽C,混合型,石玉,中金基金
005007,景顺长城景瑞睿利回报混合,混合型,万梦,景顺长城基金
005028,鹏华研究精选灵活配置混合,混合型,梁浩,鹏华基金
005039,鹏扬景兴混合A,混合型,卢安平,鹏扬基金
005040,鹏扬景兴混合C,混合型,卢安平,鹏扬基金
005049,长安鑫旺价值混合A,混合型,林忠晶,长安基金
005050,长安鑫旺价值混合C,混合型,林忠晶,长安基金
005053,银河量化价值混合,混合型,楼华锋,银河基金
005055,华泰柏瑞量化阿尔法,混合型,田汉卿,华泰柏瑞基金
005076,创金合信优选回报灵活配置混,混合型,陈玉辉,创金合信基金
005088,嘉实新添辉定期混合A,混合型,曲扬,嘉实基金
005089,嘉实新添辉定期混合C,混合型,曲扬,嘉实基金
005111,泰康泉林量化价值精选混合C,混合型,刘伟,泰康资产
005117,金信价值精选灵活配置混合A,混合型,刘榕俊,金信基金
005118,金信价值精选灵活配置混合C,混合型,刘榕俊,金信基金
005119,银华智荟内在价值灵活配置,混合型,周思聪,银华基金
005136,华安幸福生活混合,混合型,崔莹,华安基金
005154,博时鑫禧灵活配置混合A,混合型,王申,博时基金
005155,博时鑫禧灵活配置混合C,混合型,王申,博时基金
020001,国泰金鹰增长灵活配置,混合型,周伟锋,国泰基金
020003,国泰金龙行业精选,混合型,杨飞,国泰基金
020005,国泰金马稳健,混合型,李恒,国泰基金
020009,国泰金鹏蓝筹,混合型,饶玉涵,国泰基金
020010,国泰金牛创新成长混合,混合型,程洲,国泰基金
020015,国泰区位优势混合,混合型,邓时锋,国泰基金
020022,国泰策略价值灵活配置混合,混合型,艾小军,国泰基金
020023,国泰事件驱动策略混合,混合型,林小聪,国泰基金
020026,国泰成长优选混合,混合型,申坤,国泰基金
040001,华安创新,混合型,廖发达,华安基金
040004,华安宝利配置,混合型,刘伟亭,华安基金
040005,华安宏利混合,混合型,王春,华安基金
040007,华安中小盘成长混合,混合型,吴丰树,华安基金
040008,华安策略优选混合,混合型,杨明,华安基金
040011,华安核心优选混合,混合型,杨鑫鑫,华安基金
040015,华安动态灵活配置,混合型,蒋璆,华安基金
040016,华安行业轮动混合,混合型,吴丰树,华安基金
040020,华安升级主题混合,混合型,饶晓鹏,华安基金
040025,华安科技动力混合,混合型,谢振东,华安基金
040035,华安逆向策略混合,混合型,崔莹,华安基金
050001,博时价值增长,混合型,周志超,博时基金
050004,博时精选混合A,混合型,李权胜,博时基金
050007,博时平衡配置,混合型,张李陵,博时基金
050008,博时第三产业混合,混合型,苏永超,博时基金
050009,博时新兴成长混合,混合型,曾鹏,博时基金
050010,博时特许价值混合A,混合型,黄瑞庆,博时基金
050012,博时策略配置,混合型,孙少锋,博时基金
050014,博时创业成长混合A,混合型,韩茂华,博时基金
050018,博时行业轮动混合,混合型,陈雷,博时基金
050022,博时回报灵活配置,混合型,尹哲,博时基金
050026,博时医疗保健行业混合A,混合型,苏永超,博时基金
050029,博时新机遇混合A,混合型,过钧,博时基金
050201,博时价值增长二号,混合型,周志超,博时基金
070001,嘉实成长收益混合A,混合型,邵秋涛,嘉实基金
070002,嘉实增长,混合型,刘美玲,嘉实基金
070003,嘉实稳健,混合型,翟琳琳,嘉实基金
070006,嘉实服务增值行业,混合型,焦云,嘉实基金
070010,嘉实主题精选,混合型,邹唯,嘉实基金
070011,嘉实策略增长,混合型,谢泽林,嘉实基金
070013,嘉实研究精选混合A,混合型,陈少平,嘉实基金
070017,嘉实量化阿尔法混合,混合型,张自力,嘉实基金
070018,嘉实回报,混合型,常蓁,嘉实基金
070019,嘉实价值优势混合,混合型,翟琳琳,嘉实基金
070021,嘉实主题新动力混合,混合型,齐海滔,嘉实基金
070022,嘉实领先成长混合,混合型,邵秋涛,嘉实基金
070027,嘉实周期优选混合,混合型,郭东谋,嘉实基金
070032,嘉实优化红利混合,混合型,季文华,嘉实基金
070099,嘉实优质企业混合,混合型,胡涛,嘉实基金
080001,长盛成长价值,混合型,冯雨生,长盛基金
080002,长盛创新先锋,混合型,赵宏宇,长盛基金
080005,长盛量化红利混合,混合型,王超,长盛基金
080007,长盛同鑫行业配置混合,混合型,冯雨生,长盛基金
080008,长盛战略新兴产业混合A,混合型,冯雨生,长盛基金
080012,长盛电子信息产业混合,混合型,赵楠,长盛基金
080015,长盛中小盘精选混合,混合型,王超,长盛基金
090001,大成价值增长,混合型,杨挺,大成基金
090003,大成蓝筹稳健,混合型,侯春燕,大成基金
090004,大成精选增值,混合型,李博,大成基金
090006,大成2020生命周期,混合型,周德昕,大成基金
090007,大成策略回报混合,混合型,徐彦,大成基金
090009,大成行业轮动混合,混合型,王磊,大成基金
090011,大成核心双动力混合,混合型,张钟玉,大成基金
090013,大成竞争优势混合,混合型,徐彦,大成基金
090015,大成内需增长混合,混合型,李本刚,大成基金
090016,大成消费主题混合,混合型,侯春燕,大成基金
090018,大成新锐产业混合,混合型,周德昕,大成基金
090020,大成健康产业混合,混合型,杨挺,大成基金
100016,富国天源沪港深平衡混合,混合型,曹晋,富国基金
100020,富国天益价值混合,混合型,李晓铭,富国基金
100022,富国天瑞强势,混合型,厉叶淼,富国基金
100026,富国天合稳健优选混合,混合型,汪鸣,富国基金
100029,富国天成红利,混合型,于江勇,富国基金
100039,富国通胀通缩主题轮动混合,混合型,易智泉,富国基金
100056,富国低碳环保混合,混合型,魏伟,富国基金
100060,富国高新技术产业混合,混合型,李元博,富国基金
110001,易方达平稳增长,混合型,陈皓,易方达基金
110002,易方达策略成长,混合型,武阳,易方达基金
110005,易方达积极成长,混合型,王超,易方达基金
110009,易方达价值精选混合,混合型,郑希,易方达基金
110010,易方达价值成长混合A,混合型,王义克,易方达基金
110011,易方达中小盘混合,混合型,张坤,易方达基金
110012,易方达科汇灵活配置,混合型,林高榜,易方达基金
110013,易方达科翔混合,混合型,陈皓,易方达基金
110015,易方达行业领先混合,混合型,冯波,易方达基金
110023,易方达医疗保健行业混合,混合型,杨桢霄,易方达基金
110025,易方达资源行业混合,混合型,王超,易方达基金
110029,易方达科讯混合,混合型,宋昆,易方达基金
112002,易方达策略成长二号,混合型,梁裕宁,易方达基金
121001,国投瑞银融华债券,混合型,杨冬冬,国投瑞银基金
121002,国投瑞银景气行业混合,混合型,伍智勇,国投瑞银基金
121003,国投瑞银核心企业混合,混合型,于雷,国投瑞银基金
121005,国投瑞银创新动力混合,混合型,董晗,国投瑞银基金
121006,国投瑞银稳健增长,混合型,孙文龙,国投瑞银基金
121008,国投瑞银成长优选混合,混合型,綦缚鹏,国投瑞银基金
150103,银河银泰理财,混合型,张杨,银河基金
150968,银河研究精选混合,混合型,神玉飞,银河基金
151001,银河稳健,混合型,钱睿南,银河基金
160105,南方积极配置混合(LOF),混合型,蔡望鹏,南方基金
160106,南方高增长混合(LOF),混合型,张原,南方基金
160211,国泰中小盘成长混合(LOF,混合型,杨飞,国泰基金
160212,国泰估值优势混合(LOF),混合型,杨飞,国泰基金
160215,国泰价值经典混合(LOF),混合型,周伟锋,国泰基金
160220,国泰民益混合(LOF)A,混合型,樊利安,国泰基金
160226,国泰民益混合(LOF)C,混合型,樊利安,国泰基金
160311,华夏蓝筹,混合型,王怡欢,华夏基金
160314,华夏行业混合(LOF),混合型,孙彬,华夏基金
160323,华夏磐泰定开混合(LOF),混合型,张城源,华夏基金
160324,华夏磐晟定开混合(LOF),混合型,张城源,华夏基金
160505,博时主题行业混合(LOF),混合型,王俊,博时基金
160512,博时卓越品牌混合(LOF),混合型,周志超,博时基金
160518,博时睿远,混合型,陈鹏扬,博时基金
160519,博时睿利定增,混合型,陈鹏扬,博时基金
160520,博时弘盈定期开放混合A,混合型,陈鹏扬,博时基金
160521,博时弘盈定期开放混合C,混合型,陈鹏扬,博时基金
160522,博时睿益,混合型,陈鹏扬,博时基金
160524,博时弘泰混合,混合型,陈鹏扬,博时基金
160525,博时睿丰定开混合,混合型,陈鹏扬,博时基金
160603,鹏华普天收益,混合型,蒋鑫,鹏华基金
160605,鹏华中国50,混合型,王宗合,鹏华基金
160607,鹏华价值优势混合(LOF),混合型,谢书英,鹏华基金
160610,鹏华动力增长,混合型,郑川江,鹏华基金
160611,鹏华优质治理混合(LOF),混合型,郑川江,鹏华基金
160613,鹏华盛世创新混合(LOF),混合型,伍旋,鹏华基金
160624,鹏华消费领先混合,混合型,蒋鑫,鹏华基金
160627,鹏华策略优选混合,混合型,袁航,鹏华基金
160642,鹏华增瑞混合,混合型,谢书英,鹏华基金
160722,嘉实惠泽定增混合,混合型,柏重波,嘉实基金
160805,长盛同智优势,混合型,王超,长盛基金
160812,长盛同益成长回报,混合型,乔培涛,长盛基金
160813,长盛同盛成长优选,混合型,吴博文,长盛基金
160910,大成创新成长混合,混合型,刘旭,大成基金
160916,大成优选混合(LOF),混合型,戴军,大成基金
160918,大成中小盘混合(LOF),混合型,魏庆国,大成基金
160921,大成定增灵活配置混合,混合型,戴军,大成基金
161005,富国天惠成长混合A,混合型,朱少醒,富国基金
161038,富国新兴成长量化精选混合,混合型,张圣贤,富国基金
161219,国投瑞银新兴产业,混合型,孙文龙,国投瑞银基金
161222,国投瑞银瑞利混合(LOF),混合型,綦缚鹏,国投瑞银基金
161224,国投瑞银新丝路混合(LOF,混合型,王鹏,国投瑞银基金
161225,国投瑞银瑞盈混合(LOF),混合型,杨冬冬,国投瑞银基金
161226,国投瑞银白银期货(LOF),混合型,赵建,国投瑞银基金
161232,国投瑞银瑞盛混合,混合型,杨冬冬,国投瑞银基金
161233,国投瑞银瑞泰定增混合,混合型,杨冬冬,国投瑞银基金
161601,融通新蓝筹,混合型,何龙,融通基金
161605,融通蓝筹成长,混合型,薛冀颖,融通基金
161606,融通行业景气,混合型,邹曦,融通基金
161609,融通动力先锋混合,混合型,朱丹,融通基金
161610,融通领先成长混合(LOF),混合型,伍文友,融通基金
161611,融通内需驱动混合,混合型,林清源,融通基金
161616,融通医疗保健行业混合,混合型,万民远,融通基金
161706,招商优质成长混合(LOF),混合型,付斌,招商基金
161722,招商丰泰混合(LOF),混合型,王刚,招商基金
161727,招商增荣混合,混合型,姚飞军,招商基金
161810,银华内需精选混合(LOF),混合型,刘辉,银华基金
161818,银华消费分级混合,混合型,周思聪,银华基金
161834,银华鑫锐定增灵活配置混合,混合型,王鑫钢,银华基金
161835,银华惠丰定开混合,混合型,王鑫钢,银华基金
161903,万家行业优选混合(LOF),混合型,孙远慧,万家基金
162006,长城久富混合(LOF),混合型,何以广,长城基金
162102,金鹰中小盘精选,混合型,于利强,金鹰基金
162201,泰达宏利成长混合,混合型,周琦凯,泰达宏利基金
162202,泰达宏利周期混合,混合型,赖庆鑫,泰达宏利基金
162203,泰达宏利稳定混合,混合型,庄腾飞,泰达宏利基金
162204,泰达宏利行业混合,混合型,陈丹琳,泰达宏利基金
162205,泰达宏利风险预算混合,混合型,刘欣,泰达宏利基金
162207,泰达宏利效率优选混合,混合型,吴华,泰达宏利基金
162209,泰达宏利市值优选混合,混合型,李坤元,泰达宏利基金
162211,泰达宏利品质生活混合,混合型,杨超,泰达宏利基金
162212,泰达宏利红利先锋混合,混合型,邓艺颖,泰达宏利基金
162214,泰达宏利领先中小盘混合,混合型,庄腾飞,泰达宏利基金
162414,华宝新机遇混合(LOF)A,混合型,李栋梁,华宝基金
162605,景顺长城鼎益混合(LOF),混合型,刘彦春,景顺长城基金
162607,景顺长城资源垄断混合,混合型,杨锐文,景顺长城基金
162703,广发小盘成长混合(LOF),混合型,刘格菘,广发基金
162717,广发睿吉定增混合,混合型,王小罡,广发基金
162718,广发鑫瑞混合,混合型,王小罡,广发基金
163001,长信医疗保健混合(LOF),混合型,左金保,长信基金
163302,大摩资源优选混合(LOF),混合型,徐达,摩根士丹利华鑫基金
163402,兴全趋势投资混合(LOF),混合型,董承非,兴全基金
163406,兴全合润分级混合,混合型,谢治宇,兴全基金
163409,兴全绿色投资混合(LOF),混合型,邹欣,兴全基金
163411,兴全精选混合,混合型,陈宇,兴全基金
163412,兴全轻资产混合(LOF),混合型,谢治宇,兴全基金
163415,兴全商业模式优选混合,混合型,吴圣涛,兴全基金
163503,天治核心成长混合(LOF),混合型,许家涵,天治基金
163801,中银中国精选,混合型,陈军,中银基金
163803,中银持续增长混合A,混合型,辜岚,中银基金
163804,中银收益混合A,混合型,陈军,中银基金
163805,中银策略混合,混合型,邬炜,中银基金
163807,中银行业优选,混合型,王伟,中银基金
163809,中银蓝筹精选,混合型,王帅,中银基金
163810,中银价值精选,混合型,邬炜,中银基金
163818,中银中小盘成长混合,混合型,王伟,中银基金
163822,中银主题策略混合,混合型,史彬,中银基金
164403,前海开源沪港深农业混合,混合型,柯海东,前海开源基金
165313,建信优势动力混合(LOF),混合型,姜锋,建信基金
165317,建信丰裕定增灵活配置混合,混合型,吴尚伟,建信基金
165508,信诚深度价值混合(LOF),混合型,郑伟,信诚基金
165512,信诚新机遇混合(LOF),混合型,吴昊,信诚基金
165516,信诚周期轮动混合(LOF),混合型,张光成,信诚基金
165526,信诚新旺混合(LOF)A,混合型,提云涛,信诚基金
165527,信诚新旺混合(LOF)C,混合型,提云涛,信诚基金
165528,信诚鼎利定增,混合型,殷孝东,信诚基金
165531,信诚多策略灵活配置混合,混合型,殷孝东,信诚基金
165532,信诚鼎泰多策略混合,混合型,殷孝东,信诚基金
166001,中欧新趋势混合(LOF)A,混合型,周蔚文,中欧基金
166002,中欧新蓝筹混合A,混合型,周蔚文,中欧基金
166005,中欧价值发现混合A,混合型,曹名长,中欧基金
166006,中欧行业成长混合(LOF),混合型,李欣,中欧基金
166009,中欧新动力混合(LOF)A,混合型,王健,中欧基金
166011,中欧盛世成长混合(LOF),混合型,魏博,中欧基金
166019,中欧价值智选混合A,混合型,吴鹏飞,中欧基金
166020,中欧成长优选混合A,混合型,庄波,中欧基金
166023,中欧瑞丰灵活配置混合A,混合型,周蔚文,中欧基金
166801,浙商聚潮新思维,混合型,倪权生,浙商基金
167001,平安大华鼎泰混合,混合型,刘俊廷,平安大华基金
167002,平安大华鼎越定开混合,混合型,刘俊廷,平安大华基金
167003,平安大华鼎弘混合,混合型,刘俊廷,平安大华基金
167004,平安大华鼎沣定开混合,混合型,刘俊廷,平安大华基金
168002,国寿安保策略精选,混合型,吴坚,国寿安保基金
168101,九泰锐智定增混合,混合型,刘开运,九泰基金
168102,九泰锐富事件驱动混合,混合型,刘开运,九泰基金
168103,九泰锐益定增混合,混合型,刘开运,九泰基金
168104,九泰锐丰定增混合,混合型,刘开运,九泰基金
168105,九泰泰富定增混合,混合型,徐占杰,九泰基金
168106,九泰锐华定增混合A,混合型,刘开运,九泰基金
168107,九泰锐华定增混合C,混合型,刘开运,九泰基金
168108,九泰锐诚定增混合,混合型,刘开运,九泰基金
168301,东海祥龙定增混合,混合型,胡德军,东海基金
168401,红土创新定增灵活配置混合,混合型,丁硕,红土创新基金
168501,北信瑞丰产业升级,混合型,吴洋,北信瑞丰
169101,东方红睿丰混合,混合型,林鹏,上海东方证券资产管理
169102,东方红睿阳混合,混合型,林鹏,上海东方证券资产管理
169103,东方红睿轩沪港深混合,混合型,刚登峰,上海东方证券资产管理
169104,东方红睿满沪港深混合,混合型,周云,上海东方证券资产管理
169105,东方红睿华沪港深混合,混合型,林鹏,上海东方证券资产管理
169201,浙商汇金鼎盈定增灵活配置混,混合型,赵语涛,浙商证券资管
180001,银华优势企业,混合型,王鑫钢,银华基金
180010,银华优质增长混合,混合型,贲兴振,银华基金
180012,银华富裕主题混合,混合型,周可彦,银华基金
180013,银华领先策略混合,混合型,倪明,银华基金
180018,银华和谐主题,混合型,周可彦,银华基金
180020,银华成长先锋,混合型,王鑫钢,银华基金
180028,银华永祥灵活配置混合,混合型,贾鹏,银华基金
180031,银华中小盘混合,混合型,李晓星,银华基金
184801,鹏华前海万科REITS,混合型,尤柏年,鹏华基金
200001,长城久恒灵活配置混合,混合型,储雯玉,长城基金
200006,长城消费增值混合,混合型,郑帮强,长城基金
200007,长城安心回报混合,混合型,何以广,长城基金
200008,长城品牌优选混合,混合型,杨建华,长城基金
200010,长城双动力混合,混合型,赵波,长城基金
200011,长城景气行业龙头,混合型,赵波,长城基金
200012,长城中小盘成长混合,混合型,何以广,长城基金
200015,长城优化升级混合,混合型,郑帮强,长城基金
202001,南方稳健成长,混合型,应帅,南方基金
202002,南方稳健成长贰号,混合型,应帅,南方基金
202003,南方绩优成长混合,混合型,史博,南方基金
202005,南方成份精选混合,混合型,张原,南方基金
202007,南方隆元产业主题混合,混合型,蒋秋洁,南方基金
202009,南方盛元红利混合,混合型,张旭,南方基金
202011,南方优选价值混合A,混合型,骆帅,南方基金
202019,南方策略优化混合,混合型,雷俊,南方基金
202023,南方优选成长,混合型,骆帅,南方基金
202027,南方高端装备灵活配置混合,混合型,骆帅,南方基金
202212,南方平衡配置混合,混合型,黄春逢,南方基金
206001,鹏华弘泰A,混合型,祝松,鹏华基金
206002,鹏华精选成长混合,混合型,张清华,鹏华基金
206007,鹏华消费优选混合,混合型,王宗合,鹏华基金
206009,鹏华新兴产业混合,混合型,梁浩,鹏华基金
210001,金鹰成份优选,混合型,王喆,金鹰基金
210002,金鹰红利价值,混合型,王喆,金鹰基金
210003,金鹰行业优势混合,混合型,倪超,金鹰基金
210004,金鹰稳健成长混合,混合型,陈颖,金鹰基金
210005,金鹰主题优势混合,混合型,陈立,金鹰基金
210006,金鹰元禧混合A,混合型,倪超,金鹰基金
210007,金鹰技术领先灵活配置混合A,混合型,王喆,金鹰基金
210008,金鹰策略配置混合,混合型,陈颖,金鹰基金
210009,金鹰核心资源混合,混合型,冼鸿鹏,金鹰基金
210010,金鹰灵活配置混合A,混合型,刘丽娟,金鹰基金
210011,金鹰灵活配置混合C,混合型,刘丽娟,金鹰基金
213001,宝盈鸿利收益灵活配置混合,混合型,李进,宝盈基金
213002,宝盈泛沿海增长混合,混合型,盖俊龙,宝盈基金
213003,宝盈策略增长混合,混合型,李进,宝盈基金
213006,宝盈核心优势混合A,混合型,李健伟,宝盈基金
213008,宝盈资源优选混合,混合型,易祚兴,宝盈基金
217001,招商安泰混合,混合型,潘明曦,招商基金
217002,招商安泰平衡,混合型,李崟,招商基金
217005,招商先锋,混合型,付斌,招商基金
217009,招商核心价值,混合型,郭锐,招商基金
217010,招商大盘蓝筹混合,混合型,郭锐,招商基金
217012,招商行业领先混合A,混合型,吴昊,招商基金
217013,招商中小盘混合,混合型,韩冰,招商基金
217020,招商安达灵活配置混合,混合型,贾成东,招商基金
229002,泰达宏利逆向策略混合,混合型,刘欣,泰达宏利基金
233001,大摩基础行业混合,混合型,王大鹏,摩根士丹利华鑫基金
233006,大摩领先优势混合,混合型,徐达,摩根士丹利华鑫基金
233007,大摩卓越成长混合,混合型,王大鹏,摩根士丹利华鑫基金
233008,大摩消费领航,混合型,司巍,摩根士丹利华鑫基金
233009,大摩多因子策略混合,混合型,夏青,摩根士丹利华鑫基金
233011,大摩主题优选混合,混合型,缪东航,摩根士丹利华鑫基金
233015,大摩量化配置混合,混合型,吴国雄,摩根士丹利华鑫基金
240001,华宝宝康消费品,混合型,胡戈游,华宝基金
240002,华宝宝康灵活配置,混合型,季鹏,华宝基金
240004,华宝动力组合混合,混合型,刘自强,华宝基金
240005,华宝多策略增长,混合型,蔡目荣,华宝基金
240008,华宝收益增长,混合型,闫旭,华宝基金
240009,华宝先进成长混合,混合型,季鹏,华宝基金
240010,华宝行业精选混合,混合型,闫旭,华宝基金
240011,华宝大盘精选混合,混合型,夏林锋,华宝基金
240017,华宝新兴产业混合,混合型,易镜明,华宝基金
240020,华宝医药生物混合,混合型,光磊,华宝基金
240022,华宝资源优选混合,混合型,蔡目荣,华宝基金
253010,国联安安心成长混合,混合型,吕中凡,国联安基金
255010,国联安稳健,混合型,刘斌,国联安基金
257010,国联安德盛小盘精选,混合型,邹新进,国联安基金
257020,国联安精选混合,混合型,魏东,国联安基金
257030,国联安优势混合,混合型,刘斌,国联安基金
257040,国联安红利混合,混合型,潘明,国联安基金
257050,国联安主题驱动混合,混合型,张汉毅,国联安基金
257070,国联安优选行业混合,混合型,潘明,国联安基金
260101,景顺长城优选混合,混合型,杨锐文,景顺长城基金
260103,景顺长城动力平衡,混合型,刘苏,景顺长城基金
260104,景顺长城内需增长混合,混合型,杨鹏,景顺长城基金
260108,景顺长城新兴成长混合,混合型,刘彦春,景顺长城基金
260109,景顺长城内需贰号混合,混合型,杨鹏,景顺长城基金
260110,景顺长城精选蓝筹混合,混合型,余广,景顺长城基金
260111,景顺长城公司治理混合,混合型,江科宏,景顺长城基金
260112,景顺长城能源基建混合,混合型,鲍无可,景顺长城基金
260115,景顺长城中小盘混合,混合型,杨鹏,景顺长城基金
260116,景顺长城核心竞争力混合A,混合型,余广,景顺长城基金
260117,景顺长城支柱产业混合,混合型,丁丹,景顺长城基金
270001,广发聚富,混合型,苗宇,广发基金
270002,广发稳健增长,混合型,傅友兴,广发基金
270005,广发聚丰混合,混合型,易阳方,广发基金
270006,广发策略优选,混合型,李巍,广发基金
270007,广发大盘成长,混合型,程琨,广发基金
270021,广发聚瑞混合,混合型,王颂,广发基金
270022,广发内需增长,混合型,王小松,广发基金
270025,广发行业领先混合A,混合型,邱璟旻,广发基金
270028,广发制造业精选混合,混合型,李巍,广发基金
270041,广发消费品精选混合,混合型,李琛,广发基金
270050,广发新经济混合,混合型,邱璟旻,广发基金
288001,华夏经典混合,混合型,许利明,华夏基金
288002,华夏收入混合,混合型,郑煜,华夏基金
290002,泰信先行策略,混合型,王博强,泰信基金
290004,泰信优质生活混合,混合型,刘杰,泰信基金
290005,泰信优势增长,混合型,朱志权,泰信基金
290006,泰信蓝筹精选混合,混合型,车广路,泰信基金
290008,泰信发展主题混合,混合型,钱鑫,泰信基金
290011,泰信中小盘精选混合,混合型,刘杰,泰信基金
290012,泰信行业精选混合A,混合型,董山青,泰信基金
290014,泰信现代服务业混合,混合型,王博强,泰信基金
310308,申万菱信盛利精选混合,混合型,孙琳,申万菱信基金
310328,申万菱信新动力混合,混合型,李大刚,申万菱信基金
310358,申万菱信新经济混合,混合型,卢扬,申万菱信基金
310368,申万菱信竞争优势混合,混合型,孙琳,申万菱信基金
310388,申万菱信消费增长混合,混合型,季新星,申万菱信基金
320001,诺安平衡,混合型,李嘉,诺安基金
320003,诺安先锋混合,混合型,杨谷,诺安基金
320005,诺安价值增长混合,混合型,刘红辉,诺安基金
320006,诺安灵活配置,混合型,张强,诺安基金
320007,诺安成长混合,混合型,刘红辉,诺安基金
320011,诺安中小盘精选混合,混合型,韩冬燕,诺安基金
320012,诺安主题精选混合,混合型,罗春蕾,诺安基金
320015,诺安行业轮动混合,混合型,谢志华,诺安基金
320016,诺安多策略混合,混合型,李玉良,诺安基金
320018,诺安新动力灵活配置,混合型,张堃,诺安基金
340001,兴全可转债混合,混合型,张亚辉,兴全基金
340007,兴全社会责任混合,混合型,傅鹏博,兴全基金
340008,兴全有机增长混合,混合型,季侃乐,兴全基金
350001,天治财富增长,混合型,梁辰,天治基金
350002,天治低碳经济混合,混合型,曾海,天治基金
350005,天治中国制造2025,混合型,胡耀文,天治基金
350007,天治趋势精选,混合型,尹维国,天治基金
350008,天治新消费混合,混合型,尹维国,天治基金
350009,天治研究驱动混合A,混合型,王洋,天治基金
360005,光大保德信红利混合,混合型,戴奇雷,光大保德信基金
360006,光大保德信新增长混合,混合型,魏晓雪,光大保德信基金
360007,光大保德信优势配置混合,混合型,何奇,光大保德信基金
360010,光大保德信均衡精选混合,混合型,戴奇雷,光大保德信基金
360011,光大动态优选,混合型,戴奇雷,光大保德信基金
360012,光大保德信中小盘混合,混合型,戴奇雷,光大保德信基金
360016,光大保德信行业轮动混合,混合型,黄兴亮,光大保德信基金
370024,上投摩根核心优选混合,混合型,孙芳,上投摩根基金
370027,上投摩根智选30混合,混合型,孟亮,上投摩根基金
373010,上投摩根双息平衡混合A,混合型,孙芳,上投摩根基金
373020,上投双核平衡,混合型,陈思郁,上投摩根基金
375010,上投中国优势,混合型,杨景喻,上投摩根基金
377010,上投摩根阿尔法混合,混合型,李博,上投摩根基金
377020,上投摩根内需动力混合,混合型,杜猛,上投摩根基金
377150,上投摩根健康品质生活混合,混合型,张飞,上投摩根基金
377240,上投摩根新兴动力混合A,混合型,杜猛,上投摩根基金
377530,上投摩根行业轮动混合A,混合型,孙芳,上投摩根基金
378010,上投摩根成长先锋混合,混合型,张一甫,上投摩根基金
379010,上投摩根中小盘混合,混合型,郭晨,上投摩根基金
393001,中海优势精选灵活配置混合,混合型,刘俊,中海基金
398001,中海优质成长混合,混合型,于航,中海基金
398011,中海分红增利混合,混合型,邱红丽,中海基金
398021,中海能源策略,混合型,姚晨曦,中海基金
398031,中海蓝筹灵活,混合型,邱红丽,中海基金
398041,中海量化策略混合,混合型,彭海平,中海基金
398051,中海环保新能源,混合型,蒋佳良,中海基金
398061,中海消费混合,混合型,姚晨曦,中海基金
400001,东方龙混合,混合型,朱晓栋,东方基金
400003,东方精选,混合型,朱晓栋,东方基金
400007,东方策略成长混合,混合型,王然,东方基金
400011,东方核心动力混合,混合型,朱晓栋,东方基金
400013,东方成长收益平衡混合,混合型,姚航,东方基金
400015,东方增长中小盘,混合型,薛子徵,东方基金
400018,东方启明量化先锋基金,混合型,刘志刚,东方基金
400022,东方利群混合A,混合型,朱晓栋,东方基金
400023,东方多策略灵活配置混合A,混合型,朱晓栋,东方基金
400025,东方新兴成长混合,混合型,王然,东方基金
400032,东方主题精选混合,混合型,王晓伟,东方基金
410001,华富竞争力优选,混合型,龚炜,华富基金
410003,华富成长趋势混合,混合型,龚炜,华富基金
410006,华富策略精选,混合型,高靖瑜,华富基金
410007,华富价值增长,混合型,陈启明,华富基金
410009,华富量子生命力混合,混合型,龚炜,华富基金
420001,天弘精选,混合型,钱文成,天弘基金
420003,天弘永定价值成长混合,混合型,肖志刚,天弘基金
420005,天弘周期策略混合,混合型,陈国光,天弘基金
420009,天弘安康养老混合,混合型,姜晓丽,天弘基金
450001,国富中国收益,混合型,徐荔蓉,国海富兰克林基金
450002,国富弹性市值混合,混合型,赵晓东,国海富兰克林基金
450003,国富潜力组合混合A,混合型,徐荔蓉,国海富兰克林基金
450004,国富深化价值混合,混合型,刘晓,国海富兰克林基金
450007,国富成长动力混合,混合型,杜飞,国海富兰克林基金
450010,国富策略回报混合,混合型,王晓宁,国海富兰克林基金
450011,国富研究精选混合,混合型,徐荔蓉,国海富兰克林基金
460001,华泰柏瑞盛世中国混合,混合型,张慧,华泰柏瑞基金
460002,华泰柏瑞积极成长混合A,混合型,方伦煜,华泰柏瑞基金
460005,华泰柏瑞价值增长混合,混合型,方纬,华泰柏瑞基金
460007,华泰柏瑞行业领先混合,混合型,吕慧建,华泰柏瑞基金
460009,华泰柏瑞量化先行混合,混合型,田汉卿,华泰柏瑞基金
470006,汇添富医药保健混合,混合型,周睿,汇添富基金
470008,汇添富策略回报混合,混合型,顾耀强,汇添富基金
470009,汇添富民营活力混合,混合型,马翔,汇添富基金
470021,汇添富优选回报灵活配置混合,混合型,蒋文玲,汇添富基金
470028,汇添富社会责任混合,混合型,欧阳沁春,汇添富基金
470098,汇添富逆向投资混合,混合型,顾耀强,汇添富基金
481001,工银核心价值混合A,混合型,何肖颉,工银瑞信基金
481004,工银稳健成长混合A,混合型,胡文彪,工银瑞信基金
481006,工银红利混合,混合型,宋炳珅,工银瑞信基金
481008,工银大盘蓝筹混合,混合型,王筱苓,工银瑞信基金
481010,工银中小盘混合,混合型,胡文彪,工银瑞信基金
481013,工银消费服务混合,混合型,王筱苓,工银瑞信基金
481015,工银主题策略混合,混合型,黄安乐,工银瑞信基金
481017,工银量化策略混合,混合型,游凛峰,工银瑞信基金
483003,工银精选平衡混合,混合型,黄安乐,工银瑞信基金
487021,工银优质精选混合,混合型,胡志利,工银瑞信基金
501000,国金鑫新灵活配置(LOF),混合型,宫雪,国金基金
501001,财通多策略精选混合(LOF),混合型,姚思劼,财通基金
501003,长信量化优选混合,混合型,邓虎,长信基金
501015,财通多策略升级混合(LOF),混合型,姚思劼,财通基金
501017,国泰融丰定增灵活配置混合,混合型,樊利安,国泰基金
501022,银华鑫盛定增混合,混合型,王鑫钢,银华基金
501026,财通多策略福享混合,混合型,姚思劼,财通基金
501027,国泰融信定增灵活配置混合,混合型,樊利安,国泰基金
501028,财通多策略福瑞定开混合,混合型,姚思劼,财通基金
501032,财通福盛定增定开混合,混合型,姚思劼,财通基金
501033,银华惠安定期开放混合,混合型,王鑫钢,银华基金
501035,创金鼎鑫睿选定开混合(LOF),混合型,曹春林,创金合信基金
501038,银华明择多策略定期开放混合,混合型,倪明,银华基金
501039,汇添富睿丰混合A,混合型,赵鹏飞,汇添富基金
501040,汇添富睿丰混合C,混合型,李怀定,汇添富基金
501041,汇添富弘安混合A,混合型,何旻,汇添富基金
501042,汇添富弘安混合C,混合型,何旻,汇添富基金
501046,财通多策略福鑫定开混合,混合型,姚思劼,财通基金
505888,嘉实元和,混合型,郭东谋,嘉实基金
510081,长盛动态精选,混合型,乔林建,长盛基金
519001,银华价值优选混合,混合型,倪明,银华基金
519002,华安安信消费混合,混合型,饶晓鹏,华安基金
519003,海富通收益增长,混合型,周雪军,海富通基金
519005,海富通股票混合,混合型,吕越超,海富通基金
519007,海富通强化回报,混合型,张炳炜,海富通基金
519008,汇添富优势精选,混合型,王栩,汇添富基金
519011,海富通精选,混合型,王智慧,海富通基金
519013,海富通风格优势混合,混合型,施敏佳,海富通基金
519015,海富通精选二号,混合型,王智慧,海富通基金
519017,大成积极成长混合,混合型,王磊,大成基金
519018,汇添富均衡增长混合,混合型,佘中强,汇添富基金
519019,大成景阳领先混合,混合型,徐彦,大成基金
519020,国泰金泰平衡混合A,混合型,李海,国泰基金
519021,国泰金鼎价值,混合型,邓时锋,国泰基金
519022,国泰金泰平衡混合C,混合型,李海,国泰基金
519025,海富通领先成长混合,混合型,李志,海富通基金
519026,海富通中小盘混合,混合型,施敏佳,海富通基金
519029,华夏平稳增长,混合型,彭海伟,华夏基金
519033,海富通国策导向混合,混合型,施敏佳,海富通基金
519035,富国天博创新主题混合,混合型,毕天宇,富国基金
519039,长盛同德主题混合,混合型,乔林建,长盛基金
519050,海富通养老收益混合A,混合型,谈云飞,海富通基金
519062,海富通阿尔法对冲,混合型,陈甄璞,海富通基金
519066,汇添富蓝筹稳健,混合型,雷鸣,汇添富基金
519068,汇添富成长焦点混合,混合型,雷鸣,汇添富基金
519069,汇添富价值精选混合,混合型,劳杰男,汇添富基金
519087,新华优选分红混合,混合型,赵强,新华基金
519089,新华优选成长混合,混合型,付伟,新华基金
519091,新华泛资源优势混合,混合型,栾江伟,新华基金
519093,新华钻石品质企业混合,混合型,付伟,新华基金
519095,新华行业周期轮换混合,混合型,蔡春红,新华基金
519097,新华中小市值优选混合,混合型,付伟,新华基金
519099,新华灵活主题混合,混合型,李会忠,新华基金
519110,浦银安盛价值成长混合A,混合型,蒋建伟,浦银安盛基金
519113,浦银精致生活,混合型,吴勇,浦银安盛基金
519115,浦银安盛红利精选混合,混合型,陈蔚丰,浦银安盛基金
519120,浦银战略新兴产业混合,混合型,吴勇,浦银安盛基金
519125,浦银安盛消费升级混合A,混合型,吴勇,浦银安盛基金
519126,浦银安盛新经济结构混合,混合型,褚艳辉,浦银安盛基金
519127,浦银安盛盛世精选混合A,混合型,褚艳辉,浦银安盛基金
519130,海富通新内需混合A,混合型,谈云飞,海富通基金
519132,海富通东财大数据混合,混合型,陈甄璞,海富通基金
519133,海富通改革驱动混合,混合型,周雪军,海富通基金
519134,海富通富祥混合,混合型,陈轶平,海富通基金
519139,海富通沪港深灵活配置混合,混合型,张炳炜,海富通基金
519150,新华优选消费混合,混合型,崔建波,新华基金
519156,新华行业灵活配置混合A,混合型,栾江伟,新华基金
519157,新华行业灵活配置混合C,混合型,栾江伟,新华基金
519158,新华趋势领航混合,混合型,崔建波,新华基金
519165,新华鑫利灵活配置,混合型,李会忠,新华基金
519170,浦银安盛增长动力混合,混合型,蒋建伟,浦银安盛基金
519171,浦银安盛医疗健康混合,混合型,陈蔚丰,浦银安盛基金
519172,浦银安盛睿智精选混合A,混合型,吴勇,浦银安盛基金
519173,浦银安盛睿智精选混合C,混合型,吴勇,浦银安盛基金
519175,浦银经济带崛起混合,混合型,褚艳辉,浦银安盛基金
519176,浦银安盛消费升级混合C,混合型,吴勇,浦银安盛基金
519177,浦银安盛盛世精选混合C,混合型,褚艳辉,浦银安盛基金
519181,万家和谐增长,混合型,莫海波,万家基金
519183,万家双引擎灵活配置,混合型,高翰昆,万家基金
519185,万家精选混合,混合型,莫海波,万家基金
519191,万家新利灵活配置混合,混合型,莫海波,万家基金
519195,万家品质,混合型,莫海波,万家基金
519196,万家新兴蓝筹灵活配置混合,混合型,莫海波,万家基金
519212,万家宏观择时多策略混合,混合型,莫海波,万家基金
519221,海富通欣益混合C,混合型,陈甄璞,海富通基金
519222,海富通欣益混合A,混合型,谈云飞,海富通基金
519223,海富通欣荣混合C,混合型,谈云飞,海富通基金
519224,海富通欣荣混合A,混合型,谈云飞,海富通基金
519227,海富通欣盛定开混合,混合型,谈云飞,海富通基金
519228,海富通欣享灵活配置混合C,混合型,谈云飞,海富通基金
519229,海富通欣享灵活配置混合A,混合型,谈云飞,海富通基金
519610,银河旺利混合A,混合型,韩晶,银河基金
519611,银河旺利混合C,混合型,韩晶,银河基金
519612,银河旺利混合I,混合型,韩晶,银河基金
519613,银河君尚混合A,混合型,韩晶,银河基金
519614,银河君尚混合C,混合型,韩晶,银河基金
519615,银河君尚混合I,混合型,韩晶,银河基金
519616,银河君信混合A,混合型,韩晶,银河基金
519617,银河君信混合C,混合型,韩晶,银河基金
519618,银河君信混合I,混合型,韩晶,银河基金
519619,银河君荣灵活配置混合A,混合型,韩晶,银河基金
519620,银河君荣灵活配置混合C,混合型,韩晶,银河基金
519621,银河君荣灵活配置混合I,混合型,韩晶,银河基金
519623,银河君耀混合A,混合型,韩晶,银河基金
519624,银河君耀混合C,混合型,韩晶,银河基金
519625,银河君盛混合A,混合型,韩晶,银河基金
519626,银河君盛混合C,混合型,韩晶,银河基金
519627,银河君润混合A,混合型,韩晶,银河基金
519628,银河君润混合C,混合型,韩晶,银河基金
519629,银河睿利混合A,混合型,韩晶,银河基金
519630,银河睿利混合C,混合型,韩晶,银河基金
519633,银河君腾混合A,混合型,韩晶,银河基金
519634,银河君腾混合C,混合型,韩晶,银河基金
519640,银河鸿利混合A,混合型,韩晶,银河基金
519641,银河鸿利混合C,混合型,韩晶,银河基金
519642,银河智造混合,混合型,张杨,银河基金
519644,银河智联混合,混合型,神玉飞,银河基金
519646,银河鑫利混合I,混合型,刘铭,银河基金
519647,银河鸿利混合I,混合型,韩晶,银河基金
519649,银河犇利灵活配置混合A,混合型,韩晶,银河基金
519650,银河犇利灵活配置混合C,混合型,韩晶,银河基金
519651,银河转型混合,混合型,王海华,银河基金
519652,银河鑫利混合A,混合型,卢轶乔,银河基金
519653,银河鑫利混合C,混合型,刘铭,银河基金
519655,银河服务混合,混合型,钱睿南,银河基金
519656,银河灵活配置混合A,混合型,祝建辉,银河基金
519657,银河灵活配置混合C,混合型,祝建辉,银河基金
519664,银河美丽混合A,混合型,杨琪,银河基金
519665,银河美丽混合C,混合型,杨琪,银河基金
519668,银河成长混合,混合型,祝建辉,银河基金
519670,银河行业混合,混合型,王海华,银河基金
519672,银河蓝筹混合,混合型,袁曦,银河基金
519674,银河创新成长混合,混合型,袁曦,银河基金
519678,银河消费混合,混合型,卢轶乔,银河基金
519679,银河主题混合,混合型,张杨,银河基金
519688,交银精选混合,混合型,王崇,交银施罗德基金
519690,交银稳健配置混合A,混合型,唐倩,交银施罗德基金
519692,交银成长混合,混合型,王少成,交银施罗德基金
519694,交银蓝筹混合,混合型,陈孜铎,交银施罗德基金
519697,交银优势行业混合,混合型,何帅,交银施罗德基金
519698,交银先锋混合,混合型,芮晨,交银施罗德基金
519700,交银主题优选,混合型,沈楠,交银施罗德基金
519702,交银趋势混合,混合型,韩威俊,交银施罗德基金
519704,交银先进制造混合,混合型,任相栋,交银施罗德基金
519710,交银策略回报灵活配置混合,混合型,王少成,交银施罗德基金
519712,交银阿尔法核心混合,混合型,何帅,交银施罗德基金
519727,交银成长30混合,混合型,王少成,交银施罗德基金
519732,交银定期支付双息平衡混合,混合型,杨浩,交银施罗德基金
519736,交银新成长混合,混合型,王崇,交银施罗德基金
519738,交银周期回报灵活配置混合A,混合型,李娜,交银施罗德基金
519752,交银新回报灵活配置混合A,混合型,李娜,交银施罗德基金
519755,交银多策略回报灵活配置混合A,混合型,李娜,交银施罗德基金
519756,交银国企改革灵活配置混合,混合型,沈楠,交银施罗德基金
519759,交银周期回报灵活配置混合C,混合型,李娜,交银施罗德基金
519760,交银新回报灵活配置混合C,混合型,李娜,交银施罗德基金
519761,交银多策略回报灵活配置混合C,混合型,李娜,交银施罗德基金
519764,交银卓越回报灵活配置混合A,混合型,李娜,交银施罗德基金
519765,交银卓越回报灵活配置混合C,混合型,李娜,交银施罗德基金
519767,交银科技创新灵活配置混合,混合型,芮晨,交银施罗德基金
519768,交银优选回报灵活配置混合A,混合型,李娜,交银施罗德基金
519769,交银优选回报灵活配置混合C,混合型,李娜,交银施罗德基金
519770,交银优择回报灵活配置混合A,混合型,李娜,交银施罗德基金
519771,交银优择回报灵活配置混合C,混合型,李娜,交银施罗德基金
519772,交银新生活力灵活配置混合,混合型,杨浩,交银施罗德基金
519773,交银数据产业灵活配置混合,混合型,芮晨,交银施罗德基金
519778,交银经济新动力混合,混合型,任相栋,交银施罗德基金
519779,交银沪港深价值精选混合,混合型,陈俊华,交银施罗德基金
519781,交银领先回报混合,混合型,李娜,交银施罗德基金
519908,华夏兴华混合A,混合型,阳琨,华夏基金
519909,华安安顺混合,混合型,谢振东,华安基金
519915,富国消费主题混合,混合型,戴益强,富国基金
519918,华夏兴和混合,混合型,佟巍,华夏基金
519929,长信电子信息行业量化混合,混合型,左金保,长信基金
519949,长信利信灵活配置混合,混合型,朱君荣,长信基金
519951,长信利泰灵活配置混合,混合型,左金保,长信基金
519956,长信睿进混合C,混合型,邓虎,长信基金
519957,长信睿进混合A,混合型,邓虎,长信基金
519959,长信多利混合,混合型,叶松,长信基金
519960,长信利广混合C,混合型,李小羽,长信基金
519961,长信利广混合A,混合型,李小羽,长信基金
519962,长信利盈混合C,混合型,黄韵,长信基金
519963,长信利盈混合A,混合型,黄韵,长信基金
519969,长信新利灵活配置混合,混合型,黄韵,长信基金
519971,长信改革红利混合,混合型,黄韵,长信基金
519979,长信内需成长混合,混合型,叶松,长信基金
519983,长信量化先锋混合A,混合型,左金保,长信基金
519987,长信恒利优势混合,混合型,叶松,长信基金
519991,长信双利优选,混合型,叶松,长信基金
519993,长信增利动态策略混合,混合型,叶松,长信基金
519995,长信金利趋势混合,混合型,常松,长信基金
519997,长信银利精选混合,混合型,高远,长信基金
530001,建信恒久价值混合,混合型,陶灿,建信基金
530003,建信优选成长混合A,混合型,姚锦,建信基金
530005,建信优化配置,混合型,邱宇航,建信基金
530006,建信核心精选混合,混合型,姚锦,建信基金
530011,建信内生动力混合,混合型,吴尚伟,建信基金
530012,建信积极配置混合,混合型,姚锦,建信基金
530016,建信恒稳价值,混合型,吴尚伟,建信基金
530019,建信社会责任混合,混合型,许杰,建信基金
540001,汇丰晋信2016周期,混合型,蔡若林,汇丰晋信基金
540002,汇丰晋信龙腾混合,混合型,曹庆,汇丰晋信基金
540003,汇丰晋信动态策略,混合型,郭敏,汇丰晋信基金
540004,汇丰晋信2026周期,混合型,是星涛,汇丰晋信基金
550001,信诚四季红,混合型,闾志刚,信诚基金
550002,信诚精萃成长混合,混合型,王睿,信诚基金
550003,信诚盛世蓝筹混合,混合型,吴昊,信诚基金
550008,信诚优胜精选混合,混合型,王睿,信诚基金
550009,信诚中小盘混合,混合型,郑伟,信诚基金
560002,益民红利成长,混合型,吕伟,益民基金
560003,益民创新优势,混合型,吕伟,益民基金
560006,益民核心增长混合,混合型,吕伟,益民基金
570001,诺德价值优势混合,混合型,罗世锋,诺德基金
570005,诺德成长优势混合,混合型,郝旭东,诺德基金
570006,诺德中小盘混合,混合型,王赟,诺德基金
570007,诺德优选30混合,混合型,杨霞辉,诺德基金
570008,诺德周期策略混合,混合型,罗世锋,诺德基金
571002,诺德主题灵活配置,混合型,朱红,诺德基金
580001,东吴嘉禾优势精选,混合型,王立立,东吴基金
580002,东吴双动力混合,混合型,戴斌,东吴基金
580003,东吴行业轮动混合,混合型,王立立,东吴基金
580005,东吴进取策略,混合型,王立立,东吴基金
580006,东吴新经济混合,混合型,徐嶒,东吴基金
580007,东吴安享量化混合,混合型,徐嶒,东吴基金
580008,东吴新产业精选混合,混合型,戴斌,东吴基金
580009,东吴内需增长混合,混合型,徐嶒,东吴基金
582003,东吴配置优化混合,混合型,杨庆定,东吴基金
590001,中邮核心优选混合,混合型,纪云飞,中邮基金
590002,中邮核心成长混合,混合型,刘田,中邮基金
590003,中邮核心优势,混合型,张腾,中邮基金
590005,中邮核心主题混合,混合型,陈梁,中邮基金
590006,中邮中小盘配置,混合型,许进财,中邮基金
590008,中邮战略新兴产业混合,混合型,任泽松,中邮基金
610001,信达澳银领先增长混合,混合型,李朝伟,信达澳银基金
610002,信达澳银精华配置,混合型,李朝伟,信达澳银基金
610004,信达澳银中小盘混合,混合型,冯士祯,信达澳银基金
610005,信达澳银红利回报混合,混合型,王辉良,信达澳银基金
610006,信达澳银产业升级混合,混合型,曾国富,信达澳银基金
610007,信达澳银消费优选混合,混合型,张培培,信达澳银基金
620001,金元顺安宝石动力混合,混合型,闵杭,金元顺安基金
620002,金元顺安成长动力混合,混合型,闵杭,金元顺安基金
620004,金元顺安价值增长混合,混合型,缪玮彬,金元顺安基金
620005,金元顺安核心动力混合,混合型,侯斌,金元顺安基金
620006,金元顺安消费主题混合,混合型,闵杭,金元顺安基金
620007,金元顺安优质精选混合A,混合型,李杰,金元顺安基金
620008,金元顺安新经济主题混合,混合型,闵杭,金元顺安基金
630001,华商领先企业,混合型,李双全,华商基金
630002,华商盛世成长混合,混合型,鲁宁,华商基金
630005,华商动态阿尔法,混合型,梁永强,华商基金
630006,华商产业升级混合,混合型,彭欣杨,华商基金
630008,华商策略精选,混合型,周海栋,华商基金
630010,华商价值精选混合,混合型,刘萌萌,华商基金
630011,华商主题精选混合,混合型,梁永强,华商基金
630015,华商大盘量化精选混合,混合型,王东旋,华商基金
630016,华商价值共享混合,混合型,何奇峰,华商基金
660001,农银行业成长混合,混合型,郭世凯,农银汇理基金
660004,农银策略价值混合,混合型,陈富权,农银汇理基金
660005,农银中小盘混合,混合型,付娟,农银汇理基金
660006,农银大盘蓝筹混合,混合型,宋永安,农银汇理基金
660010,农银策略精选混合,混合型,张峰,农银汇理基金
660012,农银消费主题混合,混合型,付娟,农银汇理基金
660015,农银行业轮动混合,混合型,郭世凯,农银汇理基金
671010,西部利得策略优选混合,混合型,刘荟,西部利得基金
673010,西部利得新动向混合,混合型,冷文鹏,西部利得基金
673020,西部利得成长精选混合,混合型,韩丽楠,西部利得基金
673030,西部利得多策略优选混合,混合型,韩丽楠,西部利得基金
673040,西部利得行业主题优选混合A,混合型,韩丽楠,西部利得基金
673043,西部利得行业主题优选混合C,混合型,韩丽楠,西部利得基金
673050,西部利得新盈混合,混合型,韩丽楠,西部利得基金
673060,西部利得景瑞灵活配置混合,混合型,朱朝华,西部利得基金
673071,西部利得新动力混合A,混合型,刘荟,西部利得基金
673073,西部利得新动力混合C,混合型,刘荟,西部利得基金
673081,西部利得祥运混合A,混合型,韩丽楠,西部利得基金
673083,西部利得祥运混合C,混合型,韩丽楠,西部利得基金
673100,西部利得久安回报混合,混合型,刘荟,西部利得基金
673110,西部利得新润混合,混合型,张维文,西部利得基金
673120,西部利得新富混合,混合型,林静,西部利得基金
680001,浙商聚潮策略配置混合,混合型,查晓磊,浙商基金
688888,浙商聚潮产业成长混合,混合型,唐桦,浙商基金
690001,民生蓝筹,混合型,高松,民生加银基金
690003,民生加银精选混合,混合型,孙伟,民生加银基金
690004,民生加银稳健成长混合,混合型,宋磊,民生加银基金
690005,民生加银内需增长混合,混合型,宋磊,民生加银基金
690007,民生加银景气行业混合,混合型,吴剑飞,民生加银基金
690009,民生加银红利回报,混合型,孙伟,民生加银基金
690011,民生加银积极成长混合,混合型,宋磊,民生加银基金
700001,平安大华行业先锋混合,混合型,傅浩,平安大华基金
700003,平安大华策略先锋混合,混合型,神爱前,平安大华基金
710001,富安达优势成长混合,混合型,吴战峰,富安达基金
710002,富安达策略精选混合,混合型,毛矛,富安达基金
720001,财通价值动量,混合型,金梓才,财通基金
730001,方正富邦创新动力混合,混合型,沈毅,方正富邦基金
730002,方正富邦红利精选混合,混合型,沈毅,方正富邦基金
740001,长安宏观策略混合,混合型,栾绍菲,长安基金
750001,安信灵活配置混合,混合型,占冠良,安信基金
750005,安信平稳增长混合发起A,混合型,庄园,安信基金
762001,国金国鑫发起,混合型,徐艳芳,国金基金
770001,德邦优化混合,混合型,许文波,德邦基金
